,playerId,shirtNo,name,position,height,weight,age,isFirstEleven,isManOfTheMatch,field,stats,subbedInPlayerId,subbedOutPeriod,subbedOutExpandedMinute,subbedInPeriod,subbedInExpandedMinute,subbedOutPlayerId,teamId
0,141044,1,Antonio Sivera,GK,184,75,28,True,False,home,"{'totalSaves': {'76': 1.0, '81': 1.0}, 'parriedSafe': {'76': 1.0}, 'parriedDanger': {'81': 1.0}, 'claimsHigh': {'31': 1.0, '95': 1.0}, 'possession': {'0': 1.0, '1': 1.0, '6': 1.0, '9': 1.0, '15': 1.0, '17': 1.0, '23': 1.0, '25': 1.0, '27': 1.0, '31': 1.0, '37': 1.0, '43': 1.0, '48': 1.0, '62': 1.0, '63': 1.0, '65': 1.0, '72': 1.0, '75': 1.0, '76': 1.0, '81': 1.0, '83': 1.0, '87': 1.0, '89': 1.0, '94': 1.0, '96': 1.0, '97': 1.0, '100': 1.0}, 'ratings': {'0': 5.99, '1': 5.99, '6': 5.98, '9': 5.97, '15': 5.98, '17': 6.0, '23': 5.98, '25': 5.97, '27': 5.96, '31': 6.06, '37': 6.05, '43': 6.04, '48': 6.03, '62': 6.03, '63': 6.04, '65': 6.03, '72': 6.02, '75': 6.03, '76': 6.13, '81': 6.54, '83': 6.53, '84': 6.61, '87': 6.62, '89': 6.61, '94': 6.6, '95': 6.7, '96': 6.72, '97': 6.71, '100': 7.05}, 'clearances': {'81': 1.0, '84': 1.0}, 'touches': {'0': 1.0, '1': 1.0, '6': 1.0, '9': 1.0, '15': 1.0, '17': 1.0, '23': 1.0, '25': 1.0, '27': 1.0, '31': 2.0, '37': 1.0, '43': 1.0, '48': 1.0, '62': 2.0, '63': 1.0, '65': 1.0, '72': 1.0, '75': 1.0, '76': 2.0, '81': 3.0, '83': 1.0, '84': 1.0, '87': 1.0, '89': 1.0, '94': 1.0, '95': 1.0, '96': 1.0, '97': 1.0, '99': 1.0, '100': 1.0}, 'passesTotal': {'15': 1.0, '17': 1.0, '63': 1.0, '75': 1.0, '87': 1.0, '96': 1.0, '100': 1.0, '0': 1.0, '1': 1.0, '6': 1.0, '9': 1.0, '23': 1.0, '25': 1.0, '27': 1.0, '31': 1.0, '37': 1.0, '43': 1.0, '48': 1.0, '62': 1.0, '65': 1.0, '72': 1.0, '76': 1.0, '81': 1.0, '83': 1.0, '89': 1.0, '94': 1.0, '97': 1.0}, 'passesAccurate': {'15': 1.0, '17': 1.0, '63': 1.0, '75': 1.0, '87': 1.0, '96': 1.0, '100': 1.0}, 'passSuccess': {'15': 100.0, '17': 100.0, '63': 100.0, '75': 100.0, '87': 100.0, '96': 100.0, '100': 100.0, '0': 0.0, '1': 0.0, '6': 0.0, '9': 0.0, '23': 0.0, '25': 0.0, '27': 0.0, '31': 0.0, '37': 0.0, '43': 0.0, '48': 0.0, '62': 0.0, '65': 0.0, '72': 0.0, '76': 0.0, '81': 0.0, '83': 0.0, '89': 0.0, '94': 0.0, '97': 0.0}}",,,,,,,60
1,347874,14,Nahuel Tenaglia,DR,180,73,29,True,False,home,"{'possession': {'2': 1.0, '3': 2.0, '6': 1.0, '17': 1.0, '18': 1.0, '21': 1.0, '22': 2.0, '29': 2.0, '31': 1.0, '38': 1.0, '45': 1.0, '46': 1.0, '49': 1.0, '54': 1.0, '66': 1.0, '67': 1.0, '73': 1.0, '75': 2.0, '76': 1.0, '78': 2.0, '80': 1.0}, 'ratings': {'0': 6.08, '1': 6.13, '2': 6.14, '3': 6.14, '6': 6.14, '13': 6.18, '17': 6.18, '18': 6.18, '21': 6.19, '22': 6.18, '23': 6.23, '29': 6.23, '31': 6.31, '38': 6.31, '39': 6.3, '44': 6.28, '45': 6.28, '46': 6.28, '49': 6.27, '51': 6.37, '54': 6.37, '60': 6.5, '66': 6.47, '67': 6.48, '71': 6.56, '73': 6.56, '75': 6.55, '76': 6.56, '78': 6.77, '80': 6.81, '88': 6.91, '93': 6.94, '95': 6.99, '96': 7.12, '98': 7.17, '99': 7.14, '100': 7.37}, 'clearances': {'1': 1.0, '23': 1.0, '80': 1.0, '88': 1.0, '95': 1.0, '98': 1.0}, 'interceptions': {'51': 1.0}, 'touches': {'0': 2.0, '1': 1.0, '2': 1.0, '3': 2.0, '4': 1.0, '6': 1.0, '8': 2.0, '13': 1.0, '17': 1.0, '18': 1.0, '21': 1.0, '22': 2.0, '23': 1.0, '24': 1.0, '27': 1.0, '29': 2.0, '31': 1.0, '35': 1.0, '38': 1.0, '44': 4.0, '45': 2.0, '46': 2.0, '49': 1.0, '51': 1.0, '54': 1.0, '60': 1.0, '63': 1.0, '66': 3.0, '67': 2.0, '70': 1.0, '71': 2.0, '73': 1.0, '75': 2.0, '76': 1.0, '78': 2.0, '80': 3.0, '88': 2.0, '91': 2.0, '92': 1.0, '93': 1.0, '95': 1.0, '96': 1.0, '98': 1.0}, 'passesTotal': {'2': 1.0, '3': 2.0, '6': 1.0, '17': 1.0, '18': 1.0, '21': 1.0, '22': 2.0, '29': 2.0, '38': 1.0, '45': 1.0, '46': 1.0, '66': 1.0, '67': 1.0, '75': 1.0, '76': 1.0, '78': 2.0, '31': 1.0, '49': 1.0, '54': 1.0, '73': 1.0, '80': 1.0}, 'passesAccurate': {'2': 1.0, '3': 2.0, '6': 1.0, '17': 1.0, '18': 1.0, '21': 1.0, '22': 2.0, '29': 2.0, '38': 1.0, '45': 1.0, '46': 1.0, '66': 1.0, '67': 1.0, '75': 1.0, '76': 1.0, '78': 2.0}, 'passesKey': {'78': 1.0}, 'passSuccess': {'2': 100.0, '3': 100.0, '6': 100.0, '17': 100.0, '18': 100.0, '21': 100.0, '22': 100.0, '29': 100.0, '38': 100.0, '45': 100.0, '46': 100.0, '66': 100.0, '67': 100.0, '75': 100.0, '76': 100.0, '78': 100.0, '31': 0.0, '49': 0.0, '54': 0.0, '73': 0.0, '80': 0.0}, 'aerialsTotal': {'31': 1.0, '39': 1.0}, 'aerialsWon': {'31': 1.0}, 'aerialSuccess': {'39': 0.0}, 'offensiveAerials': {'31': 1.0, '39': 1.0}, 'throwInsTotal': {'0': 1.0, '4': 1.0, '8': 2.0, '24': 1.0, '27': 1.0, '35': 1.0, '44': 3.0, '63': 1.0, '67': 1.0, '80': 1.0, '91': 2.0, '92': 1.0}, 'throwInsAccurate': {'0': 1.0, '4': 1.0, '8': 2.0, '27': 1.0, '44': 3.0, '63': 1.0, '80': 1.0, '91': 1.0, '92': 1.0}, 'foulsCommited': {'22': 1.0}, 'tacklesTotal': {'60': 1.0, '96': 1.0, '0': 1.0, '99': 1.0}, 'tackleSuccessful': {'60': 1.0, '96': 1.0, '0': 1.0}, 'tackleUnsuccesful': {'99': 1.0}, 'tackleSuccess': {'60': 100.0, '96': 100.0, '0': 100.0, '99': 0.0}, 'dribbledPast': {'99': 1.0}, 'dribblesAttempted': {'44': 1.0}, 'dribblesLost': {'44': 1.0}, 'dispossessed': {'66': 1.0}}",,,,,,,60
2,337454,2,Facundo Garcés,DC,188,82,25,True,False,home,"{'possession': {'0': 1.0, '6': 1.0, '7': 1.0, '17': 1.0, '29': 1.0, '37': 1.0, '38': 1.0, '46': 1.0, '47': 1.0, '48': 2.0, '57': 1.0, '63': 1.0, '68': 2.0, '82': 1.0, '89': 1.0, '90': 1.0, '97': 1.0}, 'ratings': {'0': 6.0, '1': 6.05, '6': 6.05, '7': 6.04, '10': 6.08, '17': 6.09, '29': 6.09, '37': 6.08, '38': 6.09, '39': 6.13, '46': 6.13, '47': 6.12, '48': 6.12, '52': 6.17, '57': 6.19, '63': 6.19, '68': 6.18, '69': 6.27, '70': 6.37, '82': 6.36, '89': 6.35, '90': 6.41, '93': 6.49, '95': 6.54, '97': 6.54, '100': 6.8}, 'clearances': {'1': 1.0, '10': 1.0, '52': 1.0, '70': 2.0, '90': 1.0, '95': 1.0}, 'touches': {'0': 1.0, '1': 1.0, '6': 1.0, '7': 1.0, '10': 1.0, '17': 1.0, '21': 1.0, '29': 1.0, '37': 1.0, '38': 1.0, '39': 1.0, '46': 1.0, '47': 1.0, '48': 2.0, '52': 1.0, '57': 1.0, '63': 1.0, '67': 1.0, '68': 2.0, '69': 1.0, '70': 2.0, '82': 1.0, '89': 1.0, '90': 2.0, '93': 1.0, '95': 1.0, '97': 1.0}, 'passesTotal': {'0': 1.0, '17': 1.0, '29': 1.0, '38': 1.0, '46': 1.0, '48': 2.0, '57': 1.0, '63': 1.0, '68': 2.0, '90': 1.0, '6': 1.0, '7': 1.0, '37': 1.0, '47': 1.0, '82': 1.0, '89': 1.0, '97': 1.0}, 'passesAccurate': {'0': 1.0, '17': 1.0, '29': 1.0, '38': 1.0, '46': 1.0, '48': 2.0, '57': 1.0, '63': 1.0, '68': 1.0, '90': 1.0}, 'passSuccess': {'0': 100.0, '17': 100.0, '29': 100.0, '38': 100.0, '46': 100.0, '48': 100.0, '57': 100.0, '63': 100.0, '68': 50.0, '90': 100.0, '6': 0.0, '7': 0.0, '37': 0.0, '47': 0.0, '82': 0.0, '89': 0.0, '97': 0.0}, 'tacklesTotal': {'69': 1.0}, 'tackleSuccessful': {'69': 1.0}, 'tackleSuccess': {'69': 100.0}}",,,,,,,60
3,448936,12,Santiago Mouriño,DC,186,76,23,True,False,home,"{'possession': {'0': 1.0, '3': 1.0, '8': 2.0, '17': 1.0, '23': 1.0, '29': 1.0, '38': 1.0, '44': 1.0, '48': 1.0, '51': 1.0, '56': 1.0, '65': 1.0, '66': 1.0, '78': 1.0, '89': 1.0}, 'ratings': {'0': 6.0, '3': 6.0, '8': 6.08, '17': 6.07, '20': 6.12, '23': 6.3, '29': 6.3, '36': 6.35, '38': 6.35, '44': 6.37, '48': 6.37, '51': 6.36, '55': 6.41, '56': 6.42, '57': 6.52, '61': 6.38, '64': 6.42, '65': 6.39, '66': 6.4, '69': 6.45, '77': 6.42, '78': 6.42, '79': 6.41, '82': 6.59, '88': 6.72, '89': 6.73, '94': 6.78, '100': 7.05}, 'clearances': {'20': 1.0, '23': 2.0, '36': 1.0, '55': 1.0, '69': 1.0, '94': 1.0}, 'interceptions': {'57': 1.0}, 'touches': {'0': 1.0, '3': 1.0, '8': 2.0, '17': 1.0, '20': 1.0, '23': 3.0, '29': 1.0, '36': 1.0, '38': 1.0, '44': 1.0, '48': 1.0, '51': 1.0, '55': 1.0, '56': 1.0, '57': 2.0, '64': 1.0, '65': 1.0, '66': 1.0, '69': 1.0, '77': 2.0, '78': 1.0, '82': 2.0, '88': 3.0, '89': 1.0, '94': 1.0}, 'passesTotal': {'0': 1.0, '3': 1.0, '8': 2.0, '23': 1.0, '29': 1.0, '38': 1.0, '44': 1.0, '48': 1.0, '56': 1.0, '66': 1.0, '78': 1.0, '89': 1.0, '17': 1.0, '51': 1.0, '65': 1.0}, 'passesAccurate': {'0': 1.0, '3': 1.0, '8': 1.0, '23': 1.0, '29': 1.0, '38': 1.0, '44': 1.0, '48': 1.0, '56': 1.0, '66': 1.0, '78': 1.0, '89': 1.0}, 'passSuccess': {'0': 100.0, '3': 100.0, '8': 50.0, '23': 100.0, '29': 100.0, '38': 100.0, '44': 100.0, '48': 100.0, '56': 100.0, '66': 100.0, '78': 100.0, '89': 100.0, '17': 0.0, '51': 0.0, '65': 0.0}, 'aerialsTotal': {'8': 1.0, '23': 1.0, '61': 1.0, '65': 1.0, '79': 1.0}, 'aerialsWon': {'8': 1.0, '23': 1.0}, 'aerialSuccess': {'61': 0.0, '65': 0.0, '79': 0.0}, 'offensiveAerials': {'8': 1.0, '79': 1.0}, 'defensiveAerials': {'23': 1.0, '61': 1.0, '65': 1.0}, 'foulsCommited': {'61': 1.0}, 'tacklesTotal': {'82': 3.0, '88': 1.0}, 'tackleSuccessful': {'82': 2.0, '88': 1.0}, 'tackleUnsuccesful': {'82': 1.0}, 'tackleSuccess': {'82': 66.67, '88': 100.0}, 'dribbledPast': {'82': 1.0}, 'dispossessed': {'77': 1.0}}",,,,,,,60
4,374813,3,Manu Sánchez,DL,171,70,24,True,False,home,"{'possession': {'0': 1.0, '3': 1.0, '5': 2.0, '6': 1.0, '20': 2.0, '22': 1.0, '30': 1.0, '37': 1.0, '38': 2.0, '48': 1.0, '56': 1.0, '63': 1.0, '65': 2.0, '78': 1.0, '79': 3.0, '89': 1.0, '92': 1.0}, 'ratings': {'0': 5.99, '3': 5.99, '5': 5.99, '6': 6.0, '20': 6.08, '22': 6.09, '26': 6.06, '30': 6.23, '37': 6.23, '38': 6.23, '46': 6.22, '48': 6.22, '51': 6.2, '53': 6.3, '56': 6.29, '63': 6.28, '65': 6.28, '73': 6.26, '75': 6.14, '78': 6.13, '79': 6.11, '86': 6.16, '88': 6.26, '89': 6.26, '92': 6.26, '100': 6.49}, 'clearances': {'86': 1.0}, 'interceptions': {'53': 1.0}, 'touches': {'0': 1.0, '3': 1.0, '5': 3.0, '6': 1.0, '8': 1.0, '15': 1.0, '17': 1.0, '20': 5.0, '22': 1.0, '26': 1.0, '28': 1.0, '30': 1.0, '37': 1.0, '38': 2.0, '46': 2.0, '48': 1.0, '49': 1.0, '51': 1.0, '53': 1.0, '56': 4.0, '59': 1.0, '63': 1.0, '65': 2.0, '66': 1.0, '75': 4.0, '78': 3.0, '79': 4.0, '86': 1.0, '88': 2.0, '89': 1.0, '92': 1.0}, 'passesTotal': {'3': 1.0, '5': 2.0, '6': 1.0, '20': 2.0, '22': 1.0, '37': 1.0, '38': 2.0, '48': 1.0, '56': 1.0, '65': 2.0, '78': 1.0, '79': 2.0, '92': 1.0, '0': 1.0}, 'passesAccurate': {'3': 1.0, '5': 1.0, '6': 1.0, '20': 1.0, '22': 1.0, '37': 1.0, '38': 2.0, '48': 1.0, '56': 1.0, '65': 1.0, '78': 1.0, '79': 1.0, '92': 1.0}, 'passesKey': {'30': 1.0}, 'passSuccess': {'3': 100.0, '5': 50.0, '6': 100.0, '20': 50.0, '22': 100.0, '37': 100.0, '38': 100.0, '48': 100.0, '56': 100.0, '65': 50.0, '78': 100.0, '79': 50.0, '92': 100.0, '0': 0.0}, 'aerialsTotal': {'51': 1.0}, 'defensiveAerials': {'51': 1.0}, 'cornersTotal': {'79': 1.0}, 'throwInsTotal': {'5': 1.0, '15': 1.0, '17': 1.0, '20': 1.0, '46': 1.0, '49': 1.0, '56': 2.0, '59': 1.0, '66': 1.0, '78': 1.0, '79': 1.0}, 'throwInsAccurate': {'5': 1.0, '15': 1.0, '46': 1.0, '49': 1.0, '56': 2.0, '78': 1.0, '79': 1.0}, 'foulsCommited': {'73': 1.0, '75': 1.0}, 'tacklesTotal': {'88': 1.0, '20': 1.0}, 'tackleSuccessful': {'88': 1.0, '20': 1.0}, 'tackleSuccess': {'88': 100.0, '20': 100.0}, 'dribblesAttempted': {'46': 1.0, '56': 1.0, '78': 1.0}, 'dribblesLost': {'46': 1.0, '56': 1.0, '78': 1.0}, 'dispossessed': {'75': 3.0}}",,,,,,,60
5,409467,8,Antonio Blanco,DMC,176,70,24,True,False,home,"{'possession': {'3': 2.0, '6': 1.0, '7': 1.0, '9': 1.0, '12': 1.0, '21': 1.0, '22': 1.0, '27': 2.0, '29': 1.0, '35': 1.0, '38': 2.0, '44': 1.0, '45': 1.0, '46': 2.0, '48': 2.0, '51': 1.0, '53': 1.0, '54': 1.0, '56': 1.0, '57': 1.0, '60': 1.0, '63': 1.0, '65': 2.0, '66': 1.0, '89': 1.0, '91': 1.0}, 'ratings': {'0': 6.1, '2': 6.08, '3': 6.09, '4': 6.07, '6': 6.06, '7': 6.05, '9': 6.05, '11': 6.13, '12': 6.14, '21': 6.13, '22': 6.13, '27': 6.12, '29': 6.12, '35': 6.12, '38': 6.12, '44': 6.11, '45': 6.18, '46': 6.19, '48': 6.19, '51': 6.19, '53': 6.41, '54': 6.42, '56': 6.42, '57': 6.41, '60': 6.42, '62': 6.39, '63': 6.39, '65': 6.4, '66': 6.41, '68': 6.29, '78': 6.43, '89': 6.42, '91': 6.43, '100': 6.63}, 'interceptions': {'0': 1.0}, 'touches': {'0': 1.0, '3': 2.0, '6': 1.0, '7': 1.0, '9': 1.0, '11': 1.0, '12': 1.0, '21': 1.0, '22': 1.0, '27': 2.0, '29': 1.0, '35': 1.0, '38': 2.0, '44': 1.0, '45': 1.0, '46': 2.0, '48': 2.0, '51': 1.0, '53': 2.0, '54': 1.0, '56': 1.0, '57': 2.0, '60': 1.0, '63': 1.0, '65': 2.0, '66': 1.0, '78': 1.0, '89': 1.0, '91': 1.0, '95': 1.0}, 'passesTotal': {'3': 2.0, '12': 1.0, '22': 1.0, '29': 1.0, '38': 2.0, '45': 1.0, '46': 2.0, '48': 1.0, '51': 1.0, '53': 1.0, '54': 1.0, '56': 1.0, '60': 1.0, '63': 1.0, '65': 2.0, '66': 1.0, '91': 1.0, '6': 1.0, '7': 1.0, '9': 1.0, '21': 1.0, '27': 1.0, '35': 1.0, '44': 1.0, '57': 1.0, '89': 1.0}, 'passesAccurate': {'3': 2.0, '12': 1.0, '22': 1.0, '29': 1.0, '38': 2.0, '45': 1.0, '46': 2.0, '48': 1.0, '51': 1.0, '53': 1.0, '54': 1.0, '56': 1.0, '60': 1.0, '63': 1.0, '65': 2.0, '66': 1.0, '91': 1.0}, 'passesKey': {'53': 1.0}, 'passSuccess': {'3': 100.0, '12': 100.0, '22': 100.0, '29': 100.0, '38': 100.0, '45': 100.0, '46': 100.0, '48': 100.0, '51': 100.0, '53': 100.0, '54': 100.0, '56': 100.0, '60': 100.0, '63': 100.0, '65': 100.0, '66': 100.0, '91': 100.0, '6': 0.0, '7': 0.0, '9': 0.0, '21': 0.0, '27': 0.0, '35': 0.0, '44': 0.0, '57': 0.0, '89': 0.0}, 'aerialsTotal': {'45': 1.0}, 'aerialsWon': {'45': 1.0}, 'defensiveAerials': {'45': 1.0}, 'foulsCommited': {'2': 1.0, '4': 1.0, '45': 1.0, '68': 1.0}, 'tacklesTotal': {'53': 1.0, '78': 1.0, '11': 1.0, '62': 1.0}, 'tackleSuccessful': {'53': 1.0, '78': 1.0, '11': 1.0}, 'tackleUnsuccesful': {'62': 1.0}, 'tackleSuccess': {'53': 100.0, '78': 100.0, '11': 100.0, '62': 0.0}, 'dribbledPast': {'62': 1.0}}",,,,,,,60
6,344120,6,Ander Guevara,DMC,180,73,27,True,False,home,"{'possession': {'0': 1.0, '5': 1.0, '8': 1.0, '9': 1.0, '16': 1.0, '17': 1.0, '18': 1.0, '19': 1.0, '22': 2.0, '23': 1.0, '26': 1.0, '27': 1.0, '29': 3.0, '38': 2.0, '45': 2.0, '46': 1.0, '48': 3.0, '49': 1.0, '55': 1.0, '56': 2.0, '65': 1.0, '66': 1.0, '72': 2.0, '75': 1.0}, 'ratings': {'0': 6.0, '3': 6.05, '5': 6.06, '8': 6.05, '9': 6.05, '11': 6.18, '16': 6.17, '17': 6.17, '18': 6.17, '19': 6.18, '22': 6.18, '23': 6.19, '26': 6.28, '27': 6.25, '28': 6.15, '29': 6.16, '35': 6.13, '38': 6.13, '45': 6.14, '46': 6.15, '48': 6.16, '49': 6.16, '55': 6.28, '56': 6.29, '64': 6.34, '65': 6.34, '66': 6.35, '69': 6.55, '72': 6.54, '75': 6.62, '77': 6.82}, 'clearances': {'64': 1.0}, 'interceptions': {'69': 1.0}, 'touches': {'0': 1.0, '3': 2.0, '5': 1.0, '8': 1.0, '9': 1.0, '11': 1.0, '16': 1.0, '17': 1.0, '18': 1.0, '19': 2.0, '22': 2.0, '23': 1.0, '26': 2.0, '27': 1.0, '29': 3.0, '38': 2.0, '45': 2.0, '46': 1.0, '48': 3.0, '49': 1.0, '55': 2.0, '56': 2.0, '64': 1.0, '65': 1.0, '66': 1.0, '69': 1.0, '72': 2.0, '75': 1.0}, 'passesTotal': {'0': 1.0, '5': 1.0, '9': 1.0, '17': 1.0, '19': 1.0, '22': 2.0, '23': 1.0, '26': 1.0, '29': 3.0, '38': 2.0, '45': 2.0, '46': 1.0, '48': 3.0, '49': 1.0, '56': 2.0, '65': 1.0, '66': 1.0, '72': 2.0, '8': 1.0, '16': 1.0, '18': 1.0, '27': 1.0, '55': 1.0, '75': 1.0}, 'passesAccurate': {'0': 1.0, '5': 1.0, '9': 1.0, '17': 1.0, '19': 1.0, '22': 2.0, '23': 1.0, '26': 1.0, '29': 3.0, '38': 2.0, '45': 2.0, '46': 1.0, '48': 3.0, '49': 1.0, '56': 2.0, '65': 1.0, '66': 1.0, '72': 1.0}, 'passSuccess': {'0': 100.0, '5': 100.0, '9': 100.0, '17': 100.0, '19': 100.0, '22': 100.0, '23': 100.0, '26': 100.0, '29': 100.0, '38': 100.0, '45': 100.0, '46': 100.0, '48': 100.0, '49': 100.0, '56': 100.0, '65': 100.0, '66': 100.0, '72': 50.0, '8': 0.0, '16': 0.0, '18': 0.0, '27': 0.0, '55': 0.0, '75': 0.0}, 'aerialsTotal': {'75': 1.0, '35': 2.0}, 'aerialsWon': {'75': 1.0}, 'aerialSuccess': {'35': 0.0}, 'offensiveAerials': {'35': 2.0, '75': 1.0}, 'foulsCommited': {'27': 1.0}, 'tacklesTotal': {'11': 1.0, '55': 1.0, '3': 1.0, '26': 1.0}, 'tackleSuccessful': {'11': 1.0, '55': 1.0, '3': 1.0, '26': 1.0}, 'tackleSuccess': {'11': 100.0, '55': 100.0, '3': 100.0, '26': 100.0}}",238941.0,"{'value': 2, 'displayName': 'SecondHalf'}",77.0,,,,60
7,462861,7,Carlos Vicente,AMR,179,72,26,True,False,home,"{'possession': {'3': 1.0, '5': 1.0, '6': 2.0, '8': 1.0, '9': 1.0, '11': 1.0, '12': 1.0, '29': 2.0, '38': 1.0, '42': 1.0, '44': 2.0, '45': 1.0, '47': 1.0, '48': 1.0, '58': 1.0, '63': 1.0, '66': 1.0, '75': 1.0, '89': 1.0, '91': 1.0}, 'ratings': {'0': 6.0, '2': 5.98, '3': 5.99, '5': 6.02, '6': 6.11, '8': 6.18, '9': 6.33, '11': 6.31, '12': 6.3, '21': 6.29, '22': 6.25, '28': 6.22, '29': 6.21, '38': 6.21, '39': 6.2, '42': 6.19, '44': 6.27, '45': 6.24, '46': 6.32, '47': 6.32, '48': 6.32, '53': 6.29, '57': 6.26, '58': 6.53, '60': 6.49, '63': 6.45, '66': 6.45, '70': 6.42, '71': 6.47, '75': 6.47, '83': 6.45, '86': 6.42, '87': 6.35, '89': 6.32, '91': 6.32, '92': 6.31, '95': 6.36, '98': 6.46, '99': 6.61, '100': 6.69}, 'shotsTotal': {'63': 1.0}, 'shotsOffTarget': {'63': 1.0}, 'clearances': {'95': 1.0, '99': 1.0}, 'interceptions': {'98': 1.0}, 'touches': {'2': 1.0, '3': 1.0, '5': 2.0, '6': 2.0, '8': 1.0, '9': 3.0, '11': 1.0, '12': 1.0, '21': 1.0, '22': 1.0, '29': 2.0, '37': 1.0, '38': 1.0, '42': 1.0, '44': 2.0, '45': 1.0, '46': 1.0, '47': 1.0, '48': 1.0, '57': 2.0, '58': 1.0, '60': 1.0, '63': 2.0, '66': 1.0, '70': 1.0, '71': 1.0, '75': 1.0, '86': 1.0, '89': 1.0, '91': 1.0, '92': 1.0, '95': 1.0, '98': 1.0, '99': 3.0}, 'passesTotal': {'3': 1.0, '6': 1.0, '9': 1.0, '29': 1.0, '38': 1.0, '44': 2.0, '45': 1.0, '47': 1.0, '48': 1.0, '63': 1.0, '66': 1.0, '75': 1.0, '89': 1.0, '91': 1.0, '8': 1.0, '11': 1.0, '42': 1.0}, 'passesAccurate': {'3': 1.0, '6': 1.0, '9': 1.0, '29': 1.0, '38': 1.0, '44': 1.0, '45': 1.0, '47': 1.0, '48': 1.0, '63': 1.0, '66': 1.0, '75': 1.0, '89': 1.0, '91': 1.0}, 'passesKey': {'58': 1.0}, 'passSuccess': {'3': 100.0, '6': 100.0, '9': 100.0, '29': 100.0, '38': 100.0, '44': 50.0, '45': 100.0, '47': 100.0, '48': 100.0, '63': 100.0, '66': 100.0, '75': 100.0, '89': 100.0, '91': 100.0, '8': 0.0, '11': 0.0, '42': 0.0}, 'aerialsTotal': {'8': 1.0, '44': 1.0, '63': 1.0, '83': 1.0, '89': 2.0}, 'aerialsWon': {'8': 1.0, '44': 1.0}, 'aerialSuccess': {'63': 0.0, '83': 0.0, '89': 0.0}, 'offensiveAerials': {'44': 1.0, '63': 1.0, '83': 1.0, '89': 2.0}, 'defensiveAerials': {'8': 1.0}, 'cornersAccurate': {'6': 1.0}, 'foulsCommited': {'5': 1.0, '39': 1.0}, 'tacklesTotal': {'46': 1.0, '28': 1.0, '45': 1.0, '53': 1.0, '87': 2.0}, 'tackleSuccessful': {'46': 1.0}, 'tackleUnsuccesful': {'28': 1.0, '45': 1.0, '53': 1.0, '87': 2.0}, 'tackleSuccess': {'46': 100.0, '28': 0.0, '45': 0.0, '53': 0.0, '87': 0.0}, 'dribbledPast': {'28': 1.0, '45': 1.0, '53': 1.0, '87': 2.0}, 'dribblesWon': {'9': 1.0}, 'dribblesAttempted': {'9': 1.0, '2': 1.0, '21': 1.0, '92': 1.0}, 'dribblesLost': {'2': 1.0, '21': 1.0, '92': 1.0}, 'dribbleSuccess': {'9': 100.0, '2': 0.0, '21': 0.0, '92': 0.0}, 'dispossessed': {'22': 1.0, '57': 1.0, '70': 1.0}}",,,,,,,60
8,335041,18,Jon Guridi,AMC,179,64,30,True,False,home,"{'possession': {'0': 1.0, '3': 1.0, '5': 1.0, '11': 1.0, '18': 1.0, '23': 2.0, '29': 3.0, '37': 1.0, '38': 1.0, '45': 1.0, '48': 1.0, '53': 1.0, '55': 1.0, '56': 2.0, '68': 1.0, '72': 2.0, '75': 2.0}, 'ratings': {'0': 5.99, '1': 6.07, '3': 6.08, '5': 6.07, '7': 6.05, '8': 6.04, '11': 6.11, '18': 6.28, '20': 6.26, '23': 6.27, '25': 6.25, '27': 6.24, '28': 6.2, '29': 6.21, '36': 6.25, '37': 6.24, '38': 6.23, '45': 6.22, '48': 6.23, '53': 6.24, '55': 6.31, '56': 6.3, '59': 6.2, '60': 6.17, '67': 6.15, '68': 6.14, '71': 6.11, '72': 6.12, '75': 6.12, '77': 6.21}, 'shotsTotal': {'59': 1.0}, 'shotsOffTarget': {'59': 1.0}, 'interceptions': {'18': 1.0}, 'touches': {'0': 1.0, '1': 1.0, '3': 1.0, '5': 1.0, '11': 1.0, '18': 2.0, '20': 1.0, '21': 1.0, '23': 2.0, '28': 1.0, '29': 3.0, '36': 1.0, '37': 1.0, '38': 1.0, '44': 1.0, '45': 1.0, '48': 1.0, '53': 1.0, '55': 1.0, '56': 2.0, '59': 1.0, '60': 1.0, '68': 1.0, '72': 2.0, '75': 2.0}, 'passesTotal': {'0': 1.0, '3': 1.0, '23': 2.0, '29': 3.0, '37': 1.0, '48': 1.0, '53': 1.0, '56': 2.0, '72': 2.0, '75': 2.0, '11': 1.0, '18': 1.0, '38': 1.0, '45': 1.0, '55': 1.0, '68': 1.0}, 'passesAccurate': {'0': 1.0, '3': 1.0, '23': 2.0, '29': 3.0, '37': 1.0, '48': 1.0, '53': 1.0, '56': 1.0, '72': 2.0, '75': 2.0}, 'passSuccess': {'0': 100.0, '3': 100.0, '23': 100.0, '29': 100.0, '37': 100.0, '48': 100.0, '53': 100.0, '56': 50.0, '72': 100.0, '75': 100.0, '11': 0.0, '18': 0.0, '38': 0.0, '45': 0.0, '55': 0.0, '68': 0.0}, 'aerialsTotal': {'11': 1.0, '18': 1.0, '55': 1.0, '8': 1.0, '27': 1.0, '37': 1.0, '67': 1.0}, 'aerialsWon': {'11': 1.0, '18': 1.0, '55': 1.0}, 'aerialSuccess': {'8': 0.0, '27': 0.0, '37': 0.0, '67': 0.0}, 'offensiveAerials': {'27': 1.0, '37': 1.0, '67': 1.0}, 'defensiveAerials': {'8': 1.0, '11': 1.0, '18': 1.0, '55': 1.0}, 'cornersTotal': {'5': 1.0}, 'foulsCommited': {'0': 1.0, '7': 1.0, '25': 1.0}, 'tacklesTotal': {'1': 1.0, '71': 1.0}, 'tackleSuccessful': {'1': 1.0}, 'tackleUnsuccesful': {'71': 1.0}, 'tackleSuccess': {'1': 100.0, '71': 0.0}, 'dribbledPast': {'71': 1.0}, 'dribblesAttempted': {'20': 1.0}, 'dribblesLost': {'20': 1.0}, 'dispossessed': {'60': 1.0}}",362393.0,"{'value': 2, 'displayName': 'SecondHalf'}",77.0,,,,60
9,303268,21,Carles Aleñá,AML,180,70,27,True,False,home,"{'possession': {'3': 1.0, '5': 2.0, '6': 1.0, '23': 1.0, '29': 1.0, '44': 1.0, '45': 1.0, '49': 2.0, '51': 2.0, '55': 1.0, '56': 2.0, '57': 1.0, '63': 1.0, '68': 1.0, '75': 1.0, '78': 2.0, '79': 3.0, '89': 1.0, '90': 1.0}, 'ratings': {'0': 5.97, '3': 5.97, '5': 5.98, '6': 5.95, '7': 6.04, '12': 6.07, '18': 6.02, '19': 6.12, '23': 6.16, '26': 6.13, '27': 6.2, '29': 6.2, '38': 6.33, '44': 6.32, '45': 6.33, '48': 6.35, '49': 6.36, '51': 6.31, '52': 6.29, '55': 6.29, '56': 6.29, '57': 6.3, '61': 6.43, '63': 6.44, '68': 6.43, '72': 6.4, '74': 6.53, '75': 6.52, '78': 6.53, '79': 6.53, '82': 6.51, '89': 6.51, '90': 6.52, '94': 6.6}, 'shotsTotal': {'66': 2.0}, 'shotsBlocked': {'66': 2.0}, 'clearances': {'23': 1.0, '61': 1.0}, 'interceptions': {'19': 1.0, '27': 1.0}, 'touches': {'0': 1.0, '3': 1.0, '5': 2.0, '6': 2.0, '7': 2.0, '12': 1.0, '18': 1.0, '19': 1.0, '23': 2.0, '26': 1.0, '27': 2.0, '29': 1.0, '38': 2.0, '44': 1.0, '45': 1.0, '48': 2.0, '49': 2.0, '51': 3.0, '52': 1.0, '55': 1.0, '56': 2.0, '57': 1.0, '61': 1.0, '63': 1.0, '66': 2.0, '68': 1.0, '72': 1.0, '74': 1.0, '75': 1.0, '78': 2.0, '79': 3.0, '89': 1.0, '90': 1.0}, 'passesTotal': {'3': 1.0, '5': 2.0, '6': 1.0, '29': 1.0, '45': 1.0, '49': 2.0, '55': 1.0, '56': 1.0, '57': 1.0, '63': 1.0, '78': 2.0, '79': 3.0, '89': 1.0, '90': 1.0, '23': 1.0, '44': 1.0, '51': 2.0, '68': 1.0, '75': 1.0}, 'passesAccurate': {'3': 1.0, '5': 2.0, '6': 1.0, '29': 1.0, '45': 1.0, '49': 2.0, '55': 1.0, '56': 1.0, '57': 1.0, '63': 1.0, '78': 2.0, '79': 2.0, '89': 1.0, '90': 1.0}, 'passSuccess': {'3': 100.0, '5': 100.0, '6': 100.0, '29': 100.0, '45': 100.0, '49': 100.0, '55': 100.0, '56': 100.0, '57': 100.0, '63': 100.0, '78': 100.0, '79': 66.67, '89': 100.0, '90': 100.0, '23': 0.0, '44': 0.0, '51': 0.0, '68': 0.0, '75': 0.0}, 'aerialsTotal': {'61': 1.0, '82': 1.0}, 'aerialsWon': {'61': 1.0}, 'aerialSuccess': {'82': 0.0}, 'offensiveAerials': {'82': 1.0}, 'defensiveAerials': {'61': 1.0}, 'foulsCommited': {'18': 1.0}, 'tacklesTotal': {'74': 1.0, '7': 1.0, '18': 1.0}, 'tackleSuccessful': {'74': 1.0, '7': 1.0}, 'tackleUnsuccesful': {'18': 1.0}, 'tackleSuccess': {'74': 100.0, '7': 100.0, '18': 0.0}, 'dribbledPast': {'18': 1.0}, 'dribblesWon': {'38': 1.0}, 'dribblesAttempted': {'38': 1.0, '48': 1.0}, 'dribblesLost': {'48': 1.0}, 'dribbleSuccess': {'38': 100.0, '48': 0.0}, 'dispossessed': {'0': 1.0, '6': 1.0, '27': 1.0, '38': 1.0, '51': 1.0, '52': 1.0}}",298834.0,"{'value': 2, 'displayName': 'SecondHalf'}",94.0,,,,60
10,79840,17,Kike García,FW,186,79,35,True,False,home,"{'possession': {'4': 1.0, '9': 1.0, '15': 1.0, '17': 1.0, '19': 1.0, '20': 1.0, '37': 1.0, '45': 1.0, '49': 1.0, '67': 1.0, '75': 1.0, '78': 1.0, '88': 1.0, '95': 1.0, '96': 1.0}, 'ratings': {'0': 6.0, '3': 5.97, '4': 6.05, '5': 6.19, '7': 6.15, '8': 6.14, '9': 6.14, '11': 6.22, '15': 6.3, '17': 6.3, '19': 6.26, '20': 6.25, '24': 6.23, '26': 6.2, '30': 6.16, '35': 6.15, '37': 6.16, '38': 6.12, '44': 6.09, '45': 6.09, '47': 6.07, '49': 6.05, '53': 6.08, '59': 6.07, '63': 6.03, '65': 6.02, '66': 6.0, '67': 5.99, '75': 6.07, '76': 6.04, '78': 6.07, '86': 6.06, '88': 6.12, '90': 6.28, '92': 6.25, '95': 6.24, '96': 6.24, '100': 6.29}, 'shotsTotal': {'30': 1.0, '53': 1.0, '78': 1.0, '90': 1.0}, 'shotsOnTarget': {'78': 1.0, '90': 1.0}, 'shotsOffTarget': {'30': 1.0, '53': 1.0}, 'clearances': {'88': 1.0}, 'touches': {'4': 1.0, '5': 1.0, '7': 1.0, '9': 1.0, '11': 1.0, '15': 2.0, '17': 1.0, '19': 2.0, '20': 1.0, '26': 1.0, '30': 1.0, '37': 1.0, '38': 1.0, '44': 1.0, '45': 1.0, '47': 2.0, '49': 2.0, '53': 1.0, '56': 1.0, '63': 1.0, '66': 1.0, '67': 1.0, '68': 1.0, '75': 1.0, '76': 1.0, '78': 2.0, '88': 2.0, '90': 5.0, '92': 1.0, '95': 1.0, '96': 1.0}, 'passesTotal': {'4': 1.0, '9': 1.0, '17': 1.0, '20': 1.0, '37': 1.0, '45': 1.0, '49': 1.0, '78': 1.0, '88': 1.0, '96': 1.0, '15': 1.0, '19': 1.0, '67': 1.0, '75': 1.0, '95': 1.0}, 'passesAccurate': {'4': 1.0, '9': 1.0, '17': 1.0, '20': 1.0, '37': 1.0, '45': 1.0, '49': 1.0, '78': 1.0, '88': 1.0, '96': 1.0}, 'passSuccess': {'4': 100.0, '9': 100.0, '17': 100.0, '20': 100.0, '37': 100.0, '45': 100.0, '49': 100.0, '78': 100.0, '88': 100.0, '96': 100.0, '15': 0.0, '19': 0.0, '67': 0.0, '75': 0.0, '95': 0.0}, 'aerialsTotal': {'4': 1.0, '15': 1.0, '75': 1.0, '20': 1.0, '24': 1.0, '35': 1.0, '59': 1.0, '65': 1.0, '66': 1.0, '86': 1.0, '90': 1.0}, 'aerialsWon': {'4': 1.0, '15': 1.0, '75': 1.0}, 'aerialSuccess': {'20': 0.0, '24': 0.0, '35': 0.0, '59': 0.0, '65': 0.0, '66': 0.0, '86': 0.0, '90': 0.0}, 'offensiveAerials': {'4': 1.0, '15': 1.0, '20': 1.0, '24': 1.0, '35': 1.0, '59': 1.0, '65': 1.0, '66': 1.0, '75': 1.0, '90': 1.0}, 'defensiveAerials': {'86': 1.0}, 'cornersTotal': {'92': 1.0}, 'offsidesCaught': {'8': 1.0}, 'foulsCommited': {'47': 1.0}, 'tacklesTotal': {'5': 1.0, '11': 1.0, '90': 1.0, '3': 1.0}, 'tackleSuccessful': {'5': 1.0, '11': 1.0, '90': 1.0}, 'tackleUnsuccesful': {'3': 1.0}, 'tackleSuccess': {'5': 100.0, '11': 100.0, '90': 100.0, '3': 0.0}, 'dribbledPast': {'3': 1.0}, 'dispossessed': {'19': 1.0, '26': 1.0, '44': 1.0, '47': 1.0, '49': 1.0, '90': 1.0, '92': 1.0}}",,,,,,,60
11,298834,10,Tomás Conechny,Sub,170,68,27,,False,home,"{'possession': {'95': 1.0, '100': 1.0}, 'ratings': {'94': 6.0, '95': 6.0, '100': 6.04}, 'touches': {'95': 1.0, '100': 1.0}, 'passesTotal': {'95': 1.0, '100': 1.0}, 'passesAccurate': {'95': 1.0, '100': 1.0}, 'passSuccess': {'95': 100.0, '100': 100.0}}",,,,"{'value': 2, 'displayName': 'SecondHalf'}",94.0,303268.0,60
12,238941,24,Joan Jordán,Sub,184,74,30,,False,home,"{'possession': {'78': 3.0, '79': 3.0, '89': 2.0, '92': 1.0, '93': 1.0}, 'ratings': {'77': 6.0, '78': 6.01, '79': 6.0, '84': 6.05, '89': 6.12, '92': 6.13, '93': 6.12, '100': 6.16}, 'clearances': {'84': 1.0}, 'touches': {'78': 3.0, '79': 3.0, '84': 1.0, '89': 3.0, '92': 1.0, '93': 1.0}, 'passesTotal': {'78': 3.0, '79': 2.0, '89': 2.0, '92': 1.0}, 'passesAccurate': {'78': 3.0, '79': 1.0, '89': 2.0, '92': 1.0}, 'passSuccess': {'78': 100.0, '79': 50.0, '89': 100.0, '92': 100.0}, 'aerialsTotal': {'89': 1.0}, 'offensiveAerials': {'89': 1.0}, 'tacklesTotal': {'89': 1.0}, 'tackleSuccessful': {'89': 1.0}, 'tackleSuccess': {'89': 100.0}}",,,,"{'value': 2, 'displayName': 'SecondHalf'}",77.0,344120.0,60
13,362393,23,Carlos Benavídez,Sub,185,76,27,,False,home,"{'possession': {'78': 2.0, '80': 1.0, '82': 1.0, '87': 1.0, '89': 1.0, '90': 2.0, '91': 1.0, '96': 2.0, '100': 1.0}, 'ratings': {'77': 6.0, '78': 6.01, '80': 6.0, '82': 6.0, '83': 6.03, '86': 6.01, '87': 6.01, '89': 6.01, '90': 6.1, '91': 6.08, '95': 6.27, '96': 6.26, '97': 6.23, '100': 6.25}, 'clearances': {'95': 2.0}, 'touches': {'78': 2.0, '80': 1.0, '82': 1.0, '83': 1.0, '87': 1.0, '89': 1.0, '90': 2.0, '91': 1.0, '95': 3.0, '96': 2.0, '100': 1.0}, 'passesTotal': {'78': 2.0, '89': 1.0, '90': 2.0, '96': 2.0, '80': 1.0, '82': 1.0, '87': 1.0, '91': 1.0, '100': 1.0}, 'passesAccurate': {'78': 2.0, '89': 1.0, '90': 1.0, '96': 1.0}, 'passesKey': {'90': 1.0}, 'passSuccess': {'78': 100.0, '89': 100.0, '90': 50.0, '96': 50.0, '80': 0.0, '82': 0.0, '87': 0.0, '91': 0.0, '100': 0.0}, 'aerialsTotal': {'97': 1.0}, 'defensiveAerials': {'97': 1.0}, 'foulsCommited': {'86': 1.0, '97': 1.0}}",,,,"{'value': 2, 'displayName': 'SecondHalf'}",77.0,335041.0,60
14,425443,13,Jesús Owono,Sub,183,67,24,,False,home,{},,,,,,,60
15,375342,22,Moussa Diarra,Sub,185,73,24,,False,home,{},,,,,,,60
16,294019,4,Aleksandar Sedlar,Sub,178,79,33,,False,home,{},,,,,,,60
17,397893,16,Hugo Novoa,Sub,182,69,22,,False,home,{},,,,,,,60
18,331171,9,Asier Villalibre,Sub,184,86,27,,False,home,{},,,,,,,60
19,280060,11,Toni Martínez,Sub,187,83,27,,False,home,{},,,,,,,60
20,427360,15,Carlos Martín,Sub,180,73,23,,False,home,{},,,,,,,60
21,538494,19,Pau Cabanes,Sub,179,72,20,,False,home,{},,,,,,,60
22,461654,36,Adrián Pica,Sub,190,75,23,,False,home,{},,,,,,,60
0,76662,13,Jan Oblak,GK,188,87,32,True,False,away,"{'totalSaves': {'78': 1.0, '90': 1.0}, 'parriedSafe': {'78': 1.0, '90': 1.0}, 'claimsHigh': {'42': 1.0}, 'possession': {'0': 1.0, '2': 1.0, '4': 1.0, '13': 1.0, '15': 1.0, '17': 1.0, '18': 1.0, '19': 1.0, '21': 1.0, '31': 2.0, '38': 1.0, '39': 2.0, '42': 1.0, '45': 2.0, '48': 1.0, '49': 1.0, '51': 1.0, '54': 1.0, '57': 2.0, '59': 1.0, '64': 1.0, '87': 1.0, '90': 1.0, '95': 1.0, '96': 1.0}, 'ratings': {'0': 6.01, '2': 6.01, '4': 6.01, '13': 6.01, '15': 6.01, '17': 6.02, '18': 6.02, '19': 6.02, '21': 6.03, '31': 6.02, '38': 6.03, '39': 6.04, '42': 6.15, '45': 6.16, '48': 6.15, '49': 6.14, '51': 6.14, '54': 6.14, '57': 6.15, '59': 6.16, '64': 6.16, '78': 6.36, '87': 6.37, '90': 6.57, '95': 6.57, '96': 6.58, '100': 6.92}, 'touches': {'0': 1.0, '2': 1.0, '4': 1.0, '13': 1.0, '15': 1.0, '17': 1.0, '18': 1.0, '19': 1.0, '21': 1.0, '31': 2.0, '38': 1.0, '39': 2.0, '42': 2.0, '45': 2.0, '48': 1.0, '49': 1.0, '51': 1.0, '54': 1.0, '57': 2.0, '59': 1.0, '64': 1.0, '78': 1.0, '87': 1.0, '90': 2.0, '95': 1.0, '96': 1.0}, 'passesTotal': {'2': 1.0, '4': 1.0, '13': 1.0, '15': 1.0, '18': 1.0, '19': 1.0, '38': 1.0, '39': 2.0, '45': 1.0, '51': 1.0, '54': 1.0, '57': 2.0, '59': 1.0, '64': 1.0, '87': 1.0, '95': 1.0, '96': 1.0, '31': 1.0, '48': 1.0, '49': 1.0}, 'passesAccurate': {'2': 1.0, '4': 1.0, '13': 1.0, '15': 1.0, '18': 1.0, '19': 1.0, '38': 1.0, '39': 2.0, '45': 1.0, '51': 1.0, '54': 1.0, '57': 2.0, '59': 1.0, '64': 1.0, '87': 1.0, '95': 1.0, '96': 1.0}, 'passSuccess': {'2': 100.0, '4': 100.0, '13': 100.0, '15': 100.0, '18': 100.0, '19': 100.0, '38': 100.0, '39': 100.0, '45': 100.0, '51': 100.0, '54': 100.0, '57': 100.0, '59': 100.0, '64': 100.0, '87': 100.0, '95': 100.0, '96': 100.0, '31': 0.0, '48': 0.0, '49': 0.0}}",,,,,,,63
1,254582,14,Marcos Llorente,DR,184,74,30,True,False,away,"{'possession': {'0': 3.0, '4': 1.0, '7': 1.0, '9': 1.0, '10': 1.0, '13': 2.0, '15': 1.0, '16': 1.0, '18': 1.0, '19': 4.0, '20': 2.0, '23': 1.0, '26': 2.0, '28': 1.0, '31': 2.0, '32': 1.0, '35': 1.0, '36': 1.0, '37': 1.0, '38': 2.0, '42': 1.0, '45': 1.0, '51': 3.0, '52': 1.0, '53': 3.0, '55': 3.0, '60': 1.0, '64': 1.0, '69': 1.0, '71': 1.0, '72': 1.0, '73': 2.0, '74': 2.0, '78': 1.0, '82': 1.0, '88': 1.0, '93': 1.0, '94': 1.0, '95': 1.0, '98': 1.0}, 'ratings': {'0': 6.0, '4': 6.0, '6': 6.05, '7': 6.05, '8': 6.07, '9': 6.07, '10': 6.07, '12': 6.05, '13': 6.05, '15': 6.06, '16': 6.05, '18': 6.24, '19': 6.38, '20': 6.37, '23': 6.37, '25': 6.41, '26': 6.41, '28': 6.41, '31': 6.41, '32': 6.41, '35': 6.41, '36': 6.42, '37': 6.42, '38': 6.43, '42': 6.43, '45': 6.43, '46': 6.57, '49': 6.7, '51': 6.79, '52': 6.79, '53': 6.8, '55': 6.8, '56': 6.93, '57': 6.98, '60': 6.97, '64': 6.96, '69': 6.96, '71': 7.13, '72': 7.16, '73': 7.17, '74': 7.17, '78': 7.17, '82': 7.16, '86': 7.2, '88': 7.16, '93': 7.16, '94': 7.16, '95': 7.17, '98': 7.18, '100': 7.41}, 'clearances': {'6': 1.0, '57': 1.0, '72': 1.0}, 'touches': {'0': 3.0, '4': 1.0, '6': 1.0, '7': 1.0, '9': 1.0, '10': 1.0, '13': 2.0, '15': 1.0, '16': 1.0, '18': 4.0, '19': 6.0, '20': 2.0, '23': 1.0, '25': 1.0, '26': 2.0, '28': 1.0, '29': 1.0, '31': 2.0, '32': 1.0, '35': 1.0, '36': 1.0, '37': 1.0, '38': 2.0, '42': 1.0, '45': 1.0, '46': 1.0, '49': 1.0, '51': 4.0, '52': 2.0, '53': 3.0, '55': 4.0, '56': 1.0, '57': 1.0, '60': 1.0, '64': 2.0, '65': 1.0, '69': 2.0, '71': 1.0, '72': 2.0, '73': 2.0, '74': 3.0, '75': 1.0, '78': 1.0, '82': 1.0, '86': 1.0, '88': 2.0, '93': 1.0, '94': 1.0, '95': 1.0, '97': 1.0, '98': 1.0}, 'passesTotal': {'0': 3.0, '4': 1.0, '7': 1.0, '9': 1.0, '10': 1.0, '13': 1.0, '15': 1.0, '19': 4.0, '20': 1.0, '23': 1.0, '26': 2.0, '28': 1.0, '31': 1.0, '32': 1.0, '35': 1.0, '36': 1.0, '37': 1.0, '38': 2.0, '42': 1.0, '45': 1.0, '51': 3.0, '52': 1.0, '53': 3.0, '55': 2.0, '69': 1.0, '73': 2.0, '74': 2.0, '78': 1.0, '93': 1.0, '94': 1.0, '95': 1.0, '98': 1.0, '16': 1.0, '18': 1.0, '60': 1.0, '64': 1.0, '72': 1.0, '82': 1.0, '88': 1.0}, 'passesAccurate': {'0': 2.0, '4': 1.0, '7': 1.0, '9': 1.0, '10': 1.0, '13': 1.0, '15': 1.0, '19': 3.0, '20': 1.0, '23': 1.0, '26': 2.0, '28': 1.0, '31': 1.0, '32': 1.0, '35': 1.0, '36': 1.0, '37': 1.0, '38': 2.0, '42': 1.0, '45': 1.0, '51': 2.0, '52': 1.0, '53': 3.0, '55': 2.0, '69': 1.0, '73': 2.0, '74': 2.0, '78': 1.0, '93': 1.0, '94': 1.0, '95': 1.0, '98': 1.0}, 'passesKey': {'71': 1.0}, 'passSuccess': {'0': 66.67, '4': 100.0, '7': 100.0, '9': 100.0, '10': 100.0, '13': 100.0, '15': 100.0, '19': 75.0, '20': 100.0, '23': 100.0, '26': 100.0, '28': 100.0, '31': 100.0, '32': 100.0, '35': 100.0, '36': 100.0, '37': 100.0, '38': 100.0, '42': 100.0, '45': 100.0, '51': 66.67, '52': 100.0, '53': 100.0, '55': 100.0, '69': 100.0, '73': 100.0, '74': 100.0, '78': 100.0, '93': 100.0, '94': 100.0, '95': 100.0, '98': 100.0, '16': 0.0, '18': 0.0, '60': 0.0, '64': 0.0, '72': 0.0, '82': 0.0, '88': 0.0}, 'aerialsTotal': {'51': 1.0}, 'aerialsWon': {'51': 1.0}, 'offensiveAerials': {'51': 1.0}, 'throwInsTotal': {'18': 1.0, '29': 1.0, '51': 1.0, '52': 1.0, '64': 1.0, '65': 1.0, '69': 1.0, '74': 1.0}, 'throwInsAccurate': {'18': 1.0, '29': 1.0, '51': 1.0, '52': 1.0, '64': 1.0, '65': 1.0, '69': 1.0, '74': 1.0}, 'foulsCommited': {'12': 1.0, '88': 1.0}, 'tacklesTotal': {'19': 1.0, '46': 1.0, '49': 1.0, '56': 1.0}, 'tackleSuccessful': {'19': 1.0, '46': 1.0, '49': 1.0, '56': 1.0}, 'tackleSuccess': {'19': 100.0, '46': 100.0, '49': 100.0, '56': 100.0}, 'dribblesWon': {'18': 1.0}, 'dribblesAttempted': {'18': 1.0, '88': 1.0}, 'dribblesLost': {'88': 1.0}, 'dribbleSuccess': {'18': 100.0, '88': 0.0}}",,,,,,,63
2,236511,15,Clément Lenglet,DC,186,81,29,True,True,away,"{'possession': {'1': 1.0, '2': 3.0, '3': 2.0, '6': 2.0, '7': 2.0, '9': 1.0, '11': 1.0, '13': 1.0, '16': 2.0, '18': 2.0, '19': 4.0, '20': 1.0, '21': 3.0, '23': 1.0, '28': 1.0, '29': 1.0, '31': 1.0, '35': 2.0, '36': 2.0, '38': 1.0, '39': 1.0, '43': 2.0, '45': 2.0, '51': 1.0, '52': 2.0, '53': 3.0, '57': 1.0, '60': 2.0, '69': 2.0, '70': 2.0, '73': 1.0, '74': 1.0, '84': 2.0, '86': 2.0, '87': 2.0, '90': 4.0, '91': 1.0, '94': 1.0, '95': 1.0, '98': 2.0, '99': 1.0}, 'ratings': {'0': 6.0, '1': 6.0, '2': 6.01, '3': 6.01, '4': 5.96, '6': 5.95, '7': 5.95, '8': 6.0, '9': 5.99, '11': 5.95, '13': 5.96, '15': 6.01, '16': 6.02, '18': 6.01, '19': 6.02, '20': 6.03, '21': 6.04, '23': 6.04, '27': 6.09, '28': 6.09, '29': 6.1, '31': 6.1, '35': 6.19, '36': 6.18, '38': 6.18, '39': 6.18, '43': 6.18, '44': 6.36, '45': 6.35, '47': 6.45, '51': 6.46, '52': 6.47, '53': 6.47, '57': 6.48, '60': 6.48, '67': 6.66, '69': 6.67, '70': 6.67, '73': 6.67, '74': 6.68, '75': 6.66, '78': 6.71, '80': 6.76, '81': 6.93, '84': 6.93, '86': 7.01, '87': 7.02, '89': 7.15, '90': 7.28, '91': 7.27, '92': 7.41, '94': 7.41, '95': 7.42, '98': 7.42, '99': 7.43, '100': 7.69}, 'shotsTotal': {'81': 1.0}, 'shotsOnTarget': {'81': 1.0}, 'clearances': {'8': 1.0, '15': 1.0, '27': 1.0, '44': 1.0, '67': 2.0, '78': 1.0, '80': 1.0, '89': 1.0, '90': 1.0}, 'touches': {'1': 1.0, '2': 3.0, '3': 2.0, '4': 1.0, '6': 2.0, '7': 2.0, '8': 1.0, '9': 1.0, '11': 2.0, '13': 1.0, '15': 1.0, '16': 2.0, '18': 2.0, '19': 4.0, '20': 1.0, '21': 3.0, '23': 1.0, '27': 1.0, '28': 1.0, '29': 1.0, '31': 1.0, '35': 2.0, '36': 2.0, '38': 1.0, '39': 1.0, '43': 2.0, '44': 2.0, '45': 2.0, '47': 2.0, '51': 1.0, '52': 2.0, '53': 3.0, '57': 1.0, '60': 2.0, '67': 2.0, '69': 2.0, '70': 2.0, '73': 1.0, '74': 1.0, '75': 1.0, '78': 1.0, '80': 1.0, '81': 1.0, '84': 2.0, '86': 2.0, '87': 2.0, '89': 1.0, '90': 5.0, '91': 1.0, '92': 1.0, '94': 1.0, '95': 1.0, '98': 2.0, '99': 1.0}, 'passesTotal': {'1': 1.0, '2': 3.0, '3': 2.0, '6': 2.0, '7': 2.0, '13': 1.0, '16': 2.0, '18': 2.0, '19': 4.0, '20': 1.0, '21': 3.0, '28': 1.0, '29': 1.0, '31': 1.0, '35': 2.0, '36': 1.0, '38': 1.0, '39': 1.0, '43': 2.0, '45': 2.0, '51': 1.0, '52': 2.0, '53': 3.0, '57': 1.0, '60': 2.0, '69': 2.0, '70': 2.0, '73': 1.0, '74': 1.0, '84': 2.0, '86': 2.0, '87': 2.0, '90': 4.0, '94': 1.0, '95': 1.0, '98': 2.0, '99': 1.0, '9': 1.0, '11': 1.0, '23': 1.0, '91': 1.0}, 'passesAccurate': {'1': 1.0, '2': 3.0, '3': 2.0, '6': 1.0, '7': 1.0, '13': 1.0, '16': 2.0, '18': 1.0, '19': 4.0, '20': 1.0, '21': 3.0, '28': 1.0, '29': 1.0, '31': 1.0, '35': 2.0, '36': 1.0, '38': 1.0, '39': 1.0, '43': 1.0, '45': 1.0, '51': 1.0, '52': 2.0, '53': 3.0, '57': 1.0, '60': 2.0, '69': 2.0, '70': 2.0, '73': 1.0, '74': 1.0, '84': 2.0, '86': 1.0, '87': 2.0, '90': 3.0, '94': 1.0, '95': 1.0, '98': 2.0, '99': 1.0}, 'passSuccess': {'1': 100.0, '2': 100.0, '3': 100.0, '6': 50.0, '7': 50.0, '13': 100.0, '16': 100.0, '18': 50.0, '19': 100.0, '20': 100.0, '21': 100.0, '28': 100.0, '29': 100.0, '31': 100.0, '35': 100.0, '36': 100.0, '38': 100.0, '39': 100.0, '43': 50.0, '45': 50.0, '51': 100.0, '52': 100.0, '53': 100.0, '57': 100.0, '60': 100.0, '69': 100.0, '70': 100.0, '73': 100.0, '74': 100.0, '84': 100.0, '86': 50.0, '87': 100.0, '90': 75.0, '94': 100.0, '95': 100.0, '98': 100.0, '99': 100.0, '9': 0.0, '11': 0.0, '23': 0.0, '91': 0.0}, 'aerialsTotal': {'35': 1.0, '67': 1.0, '86': 1.0, '89': 1.0, '90': 1.0, '4': 1.0, '75': 1.0}, 'aerialsWon': {'35': 1.0, '67': 1.0, '86': 1.0, '89': 1.0, '90': 1.0}, 'aerialSuccess': {'4': 0.0, '75': 0.0}, 'offensiveAerials': {'86': 1.0}, 'defensiveAerials': {'4': 1.0, '35': 1.0, '67': 1.0, '75': 1.0, '89': 1.0, '90': 1.0}, 'foulsCommited': {'47': 1.0}, 'tacklesTotal': {'44': 1.0, '92': 1.0, '47': 1.0}, 'tackleSuccessful': {'44': 1.0, '92': 1.0, '47': 1.0}, 'tackleSuccess': {'44': 100.0, '92': 100.0, '47': 100.0}, 'dispossessed': {'11': 1.0}}",,,,,,,63
3,367008,24,Robin Le Normand,DC,187,80,28,True,False,away,"{'possession': {'0': 1.0, '1': 1.0, '2': 3.0, '3': 1.0, '7': 1.0, '8': 2.0, '9': 1.0, '11': 1.0, '16': 1.0, '18': 3.0, '19': 1.0, '20': 1.0, '21': 1.0, '23': 1.0, '26': 1.0, '28': 2.0, '29': 1.0, '35': 2.0, '36': 1.0, '38': 2.0, '46': 1.0, '48': 1.0, '51': 3.0, '52': 2.0, '53': 2.0, '55': 1.0, '60': 2.0, '69': 2.0, '70': 2.0, '73': 1.0, '74': 2.0, '80': 1.0, '81': 1.0, '84': 1.0, '86': 1.0, '87': 1.0, '88': 1.0, '90': 1.0, '91': 1.0, '98': 1.0}, 'ratings': {'0': 6.0, '1': 6.01, '2': 6.0, '3': 6.0, '7': 6.01, '8': 6.05, '9': 6.05, '11': 6.05, '15': 6.04, '16': 6.04, '17': 6.09, '18': 6.1, '19': 6.1, '20': 6.24, '21': 6.24, '23': 6.22, '26': 6.31, '28': 6.32, '29': 6.32, '35': 6.33, '36': 6.33, '37': 6.46, '38': 6.47, '44': 6.52, '46': 6.52, '48': 6.51, '51': 6.56, '52': 6.57, '53': 6.57, '55': 6.57, '56': 6.62, '59': 6.7, '60': 6.7, '61': 6.69, '63': 6.74, '65': 6.92, '66': 7.14, '68': 7.19, '69': 7.19, '70': 7.2, '71': 7.16, '73': 7.16, '74': 7.17, '80': 7.16, '81': 7.16, '82': 7.29, '83': 7.27, '84': 7.28, '86': 7.28, '87': 7.28, '88': 7.28, '89': 7.33, '90': 7.33, '91': 7.33, '98': 7.33, '100': 7.59}, 'shotsTotal': {'71': 1.0}, 'shotsOffTarget': {'71': 1.0}, 'clearances': {'8': 1.0, '17': 1.0, '20': 1.0, '37': 1.0, '44': 1.0, '51': 1.0, '56': 1.0, '63': 1.0, '65': 2.0, '66': 1.0, '68': 1.0, '82': 1.0, '89': 1.0}, 'touches': {'0': 1.0, '1': 1.0, '2': 3.0, '3': 1.0, '6': 1.0, '7': 1.0, '8': 3.0, '9': 1.0, '11': 1.0, '16': 1.0, '17': 1.0, '18': 3.0, '19': 1.0, '20': 2.0, '21': 1.0, '23': 1.0, '26': 2.0, '28': 2.0, '29': 1.0, '35': 2.0, '36': 1.0, '37': 1.0, '38': 2.0, '44': 1.0, '46': 1.0, '48': 1.0, '51': 5.0, '52': 2.0, '53': 2.0, '55': 1.0, '56': 1.0, '60': 2.0, '63': 1.0, '65': 2.0, '66': 2.0, '68': 2.0, '69': 2.0, '70': 2.0, '71': 1.0, '73': 1.0, '74': 2.0, '80': 1.0, '81': 1.0, '82': 1.0, '84': 1.0, '86': 1.0, '87': 1.0, '88': 1.0, '89': 1.0, '90': 1.0, '91': 1.0, '98': 1.0}, 'passesTotal': {'0': 1.0, '1': 1.0, '2': 3.0, '3': 1.0, '7': 1.0, '8': 2.0, '9': 1.0, '11': 1.0, '16': 1.0, '18': 3.0, '19': 1.0, '20': 1.0, '21': 1.0, '23': 1.0, '26': 1.0, '28': 2.0, '29': 1.0, '35': 2.0, '36': 1.0, '38': 2.0, '46': 1.0, '51': 3.0, '52': 2.0, '53': 2.0, '60': 2.0, '69': 2.0, '70': 2.0, '73': 1.0, '74': 2.0, '84': 1.0, '86': 1.0, '87': 1.0, '88': 1.0, '90': 1.0, '98': 1.0, '48': 1.0, '55': 1.0, '80': 1.0, '81': 1.0, '91': 1.0}, 'passesAccurate': {'0': 1.0, '1': 1.0, '2': 2.0, '3': 1.0, '7': 1.0, '8': 1.0, '9': 1.0, '11': 1.0, '16': 1.0, '18': 3.0, '19': 1.0, '20': 1.0, '21': 1.0, '23': 1.0, '26': 1.0, '28': 2.0, '29': 1.0, '35': 2.0, '36': 1.0, '38': 2.0, '46': 1.0, '51': 2.0, '52': 2.0, '53': 2.0, '60': 2.0, '69': 2.0, '70': 2.0, '73': 1.0, '74': 2.0, '84': 1.0, '86': 1.0, '87': 1.0, '88': 1.0, '90': 1.0, '98': 1.0}, 'passSuccess': {'0': 100.0, '1': 100.0, '2': 66.67, '3': 100.0, '7': 100.0, '8': 50.0, '9': 100.0, '11': 100.0, '16': 100.0, '18': 100.0, '19': 100.0, '20': 100.0, '21': 100.0, '23': 100.0, '26': 100.0, '28': 100.0, '29': 100.0, '35': 100.0, '36': 100.0, '38': 100.0, '46': 100.0, '51': 66.67, '52': 100.0, '53': 100.0, '60': 100.0, '69': 100.0, '70': 100.0, '73': 100.0, '74': 100.0, '84': 100.0, '86': 100.0, '87': 100.0, '88': 100.0, '90': 100.0, '98': 100.0, '48': 0.0, '55': 0.0, '80': 0.0, '81': 0.0, '91': 0.0}, 'aerialsTotal': {'20': 1.0, '37': 1.0, '59': 1.0, '65': 1.0, '66': 1.0, '82': 1.0, '15': 1.0, '23': 1.0, '61': 1.0}, 'aerialsWon': {'20': 1.0, '37': 1.0, '59': 1.0, '65': 1.0, '66': 1.0, '82': 1.0}, 'aerialSuccess': {'15': 0.0, '23': 0.0, '61': 0.0}, 'offensiveAerials': {'23': 1.0, '61': 1.0}, 'defensiveAerials': {'15': 1.0, '20': 1.0, '37': 1.0, '59': 1.0, '65': 1.0, '66': 1.0, '82': 1.0}, 'foulsCommited': {'83': 1.0}, 'tacklesTotal': {'26': 1.0}, 'tackleSuccessful': {'26': 1.0}, 'tackleSuccess': {'26': 100.0}}",,,,,,,63
4,369497,21,Javi Galán,DL,172,70,30,True,False,away,"{'possession': {'0': 1.0, '1': 1.0, '2': 3.0, '6': 1.0, '7': 1.0, '9': 1.0, '16': 1.0, '19': 1.0, '21': 4.0, '23': 1.0, '24': 1.0, '26': 1.0, '27': 1.0, '28': 2.0, '32': 1.0, '36': 1.0, '39': 1.0, '51': 1.0, '53': 1.0, '54': 2.0, '60': 1.0, '63': 1.0, '69': 2.0, '70': 2.0, '71': 2.0, '73': 1.0, '77': 1.0, '80': 2.0, '83': 1.0, '84': 1.0, '86': 2.0, '95': 2.0, '99': 2.0}, 'ratings': {'0': 6.0, '1': 6.0, '2': 6.14, '5': 6.18, '6': 6.17, '7': 6.17, '8': 6.15, '9': 6.15, '16': 6.16, '19': 6.16, '21': 6.16, '22': 6.33, '23': 6.34, '24': 6.43, '26': 6.43, '27': 6.41, '28': 6.57, '29': 6.55, '32': 6.55, '36': 6.56, '39': 6.59, '44': 6.71, '51': 6.7, '53': 6.87, '54': 6.87, '57': 6.96, '60': 6.96, '63': 7.07, '69': 7.09, '70': 7.21, '71': 7.2, '73': 7.2, '77': 7.21, '80': 7.18, '83': 7.27, '84': 7.27, '86': 7.26, '90': 7.25, '92': 7.38, '93': 7.43, '95': 7.43, '99': 7.39, '100': 7.63}, 'clearances': {'63': 1.0, '93': 1.0}, 'touches': {'0': 1.0, '1': 2.0, '2': 4.0, '5': 1.0, '6': 1.0, '7': 1.0, '9': 1.0, '11': 1.0, '16': 1.0, '19': 1.0, '21': 4.0, '22': 2.0, '23': 1.0, '24': 1.0, '26': 1.0, '27': 1.0, '28': 3.0, '31': 1.0, '32': 1.0, '36': 1.0, '37': 1.0, '39': 2.0, '43': 1.0, '44': 2.0, '51': 1.0, '52': 1.0, '53': 2.0, '54': 3.0, '57': 1.0, '60': 1.0, '63': 2.0, '66': 1.0, '67': 1.0, '69': 2.0, '70': 3.0, '71': 2.0, '73': 1.0, '77': 2.0, '80': 3.0, '83': 1.0, '84': 1.0, '86': 2.0, '90': 2.0, '92': 1.0, '93': 1.0, '95': 2.0, '96': 1.0, '98': 1.0, '99': 3.0}, 'passesTotal': {'0': 1.0, '1': 1.0, '2': 3.0, '7': 1.0, '9': 1.0, '16': 1.0, '19': 1.0, '21': 4.0, '23': 1.0, '24': 1.0, '26': 1.0, '28': 2.0, '32': 1.0, '36': 1.0, '39': 1.0, '53': 1.0, '54': 2.0, '60': 1.0, '69': 2.0, '70': 1.0, '73': 1.0, '77': 1.0, '80': 2.0, '83': 1.0, '84': 1.0, '86': 1.0, '95': 1.0, '6': 1.0, '27': 1.0, '51': 1.0, '63': 1.0, '71': 1.0}, 'passesAccurate': {'0': 1.0, '1': 1.0, '2': 3.0, '7': 1.0, '9': 1.0, '16': 1.0, '19': 1.0, '21': 3.0, '23': 1.0, '24': 1.0, '26': 1.0, '28': 1.0, '32': 1.0, '36': 1.0, '39': 1.0, '53': 1.0, '54': 2.0, '60': 1.0, '69': 2.0, '70': 1.0, '73': 1.0, '77': 1.0, '80': 2.0, '83': 1.0, '84': 1.0, '86': 1.0, '95': 1.0}, 'passSuccess': {'0': 100.0, '1': 100.0, '2': 100.0, '7': 100.0, '9': 100.0, '16': 100.0, '19': 100.0, '21': 75.0, '23': 100.0, '24': 100.0, '26': 100.0, '28': 50.0, '32': 100.0, '36': 100.0, '39': 100.0, '53': 100.0, '54': 100.0, '60': 100.0, '69': 100.0, '70': 100.0, '73': 100.0, '77': 100.0, '80': 100.0, '83': 100.0, '84': 100.0, '86': 100.0, '95': 100.0, '6': 0.0, '27': 0.0, '51': 0.0, '63': 0.0, '71': 0.0}, 'aerialsTotal': {'24': 1.0, '63': 1.0, '83': 1.0, '8': 1.0, '44': 1.0}, 'aerialsWon': {'24': 1.0, '63': 1.0, '83': 1.0}, 'aerialSuccess': {'8': 0.0, '44': 0.0}, 'offensiveAerials': {'8': 1.0}, 'defensiveAerials': {'24': 1.0, '44': 1.0, '63': 1.0, '83': 1.0}, 'cornersTotal': {'71': 1.0}, 'throwInsTotal': {'1': 1.0, '11': 1.0, '31': 1.0, '37': 1.0, '43': 1.0, '52': 1.0, '54': 1.0, '66': 1.0, '67': 1.0, '77': 1.0, '96': 1.0, '98': 1.0, '99': 1.0}, 'throwInsAccurate': {'1': 1.0, '11': 1.0, '31': 1.0, '37': 1.0, '43': 1.0, '52': 1.0, '54': 1.0, '66': 1.0, '67': 1.0, '77': 1.0, '96': 1.0, '98': 1.0, '99': 1.0}, 'foulsCommited': {'29': 1.0, '99': 1.0}, 'tacklesTotal': {'2': 1.0, '22': 1.0, '44': 1.0, '70': 1.0, '92': 1.0, '57': 1.0}, 'tackleSuccessful': {'2': 1.0, '22': 1.0, '44': 1.0, '70': 1.0, '92': 1.0, '57': 1.0}, 'tackleSuccess': {'2': 100.0, '22': 100.0, '44': 100.0, '70': 100.0, '92': 100.0, '57': 100.0}, 'dribblesWon': {'28': 1.0, '53': 1.0}, 'dribblesAttempted': {'28': 1.0, '53': 1.0, '90': 1.0}, 'dribblesLost': {'90': 1.0}, 'dribbleSuccess': {'28': 100.0, '53': 100.0, '90': 0.0}}",,,,,,,63
5,422918,22,Giuliano Simeone,MR,173,75,22,True,False,away,"{'possession': {'3': 1.0, '10': 1.0, '11': 1.0, '20': 1.0, '23': 1.0, '24': 1.0, '26': 1.0, '28': 1.0, '31': 2.0, '32': 1.0, '35': 1.0, '43': 1.0, '51': 1.0, '52': 1.0, '57': 1.0, '59': 1.0, '60': 1.0}, 'ratings': {'0': 6.0, '3': 6.0, '10': 6.01, '11': 6.01, '20': 5.98, '23': 5.98, '24': 5.99, '26': 5.91, '27': 5.93, '28': 5.92, '31': 5.92, '32': 5.93, '35': 5.93, '37': 5.9, '43': 5.9, '51': 5.89, '52': 6.02, '57': 6.01, '59': 6.0, '60': 6.01, '61': 6.13, '64': 6.11, '65': 6.24}, 'touches': {'3': 1.0, '5': 1.0, '10': 1.0, '11': 1.0, '20': 3.0, '23': 1.0, '24': 1.0, '26': 3.0, '27': 2.0, '28': 1.0, '31': 2.0, '32': 1.0, '35': 1.0, '37': 1.0, '43': 1.0, '51': 1.0, '52': 2.0, '57': 1.0, '59': 1.0, '60': 1.0, '61': 1.0}, 'passesTotal': {'3': 1.0, '10': 1.0, '11': 1.0, '20': 1.0, '23': 1.0, '24': 1.0, '31': 2.0, '32': 1.0, '35': 1.0, '43': 1.0, '60': 1.0, '26': 1.0, '28': 1.0, '51': 1.0, '52': 1.0, '57': 1.0, '59': 1.0}, 'passesAccurate': {'3': 1.0, '10': 1.0, '11': 1.0, '20': 1.0, '23': 1.0, '24': 1.0, '31': 2.0, '32': 1.0, '35': 1.0, '43': 1.0, '60': 1.0}, 'passSuccess': {'3': 100.0, '10': 100.0, '11': 100.0, '20': 100.0, '23': 100.0, '24': 100.0, '31': 100.0, '32': 100.0, '35': 100.0, '43': 100.0, '60': 100.0, '26': 0.0, '28': 0.0, '51': 0.0, '52': 0.0, '57': 0.0, '59': 0.0}, 'aerialsTotal': {'61': 1.0}, 'aerialsWon': {'61': 1.0}, 'offensiveAerials': {'61': 1.0}, 'foulsCommited': {'64': 1.0}, 'tacklesTotal': {'52': 1.0}, 'tackleSuccessful': {'52': 1.0}, 'tackleSuccess': {'52': 100.0}, 'dribblesAttempted': {'27': 1.0}, 'dribblesLost': {'27': 1.0}, 'dispossessed': {'20': 1.0, '26': 1.0}}",381594.0,"{'value': 2, 'displayName': 'SecondHalf'}",65.0,,,,63
6,125547,5,Rodrigo De Paul,MC,180,70,31,True,False,away,"{'possession': {'0': 1.0, '3': 2.0, '4': 1.0, '6': 1.0, '7': 1.0, '9': 3.0, '10': 1.0, '11': 1.0, '16': 1.0, '18': 1.0, '19': 3.0, '20': 1.0, '21': 3.0, '23': 2.0, '24': 2.0, '27': 1.0, '28': 1.0, '29': 3.0, '31': 2.0, '35': 1.0, '36': 2.0, '46': 2.0, '51': 1.0, '52': 2.0, '54': 2.0, '55': 1.0, '57': 1.0, '60': 1.0, '61': 1.0, '62': 2.0, '66': 1.0, '68': 1.0, '69': 2.0, '70': 1.0}, 'ratings': {'0': 6.15, '3': 6.15, '4': 6.17, '5': 6.2, '6': 6.21, '7': 6.21, '9': 6.21, '10': 6.21, '11': 6.18, '16': 6.19, '18': 6.2, '19': 6.19, '20': 6.19, '21': 6.34, '23': 6.32, '24': 6.4, '27': 6.51, '28': 6.52, '29': 6.53, '31': 6.54, '35': 6.54, '36': 6.55, '45': 6.58, '46': 6.57, '48': 6.55, '51': 6.68, '52': 6.7, '54': 6.71, '55': 6.68, '57': 6.66, '60': 6.67, '61': 6.66, '62': 6.76, '66': 6.74, '68': 6.75, '69': 6.75, '70': 6.76, '72': 6.9}, 'touches': {'0': 3.0, '3': 2.0, '4': 3.0, '5': 2.0, '6': 1.0, '7': 1.0, '9': 3.0, '10': 1.0, '11': 2.0, '12': 1.0, '16': 1.0, '18': 1.0, '19': 4.0, '20': 1.0, '21': 4.0, '23': 2.0, '24': 2.0, '27': 3.0, '28': 1.0, '29': 3.0, '31': 3.0, '35': 1.0, '36': 2.0, '45': 1.0, '46': 4.0, '51': 2.0, '52': 2.0, '54': 2.0, '55': 3.0, '57': 1.0, '60': 1.0, '61': 1.0, '62': 2.0, '66': 1.0, '68': 1.0, '69': 2.0, '70': 1.0}, 'passesTotal': {'3': 2.0, '4': 1.0, '6': 1.0, '7': 1.0, '9': 3.0, '10': 1.0, '11': 1.0, '16': 1.0, '18': 1.0, '19': 3.0, '20': 1.0, '21': 3.0, '24': 1.0, '27': 1.0, '28': 1.0, '29': 3.0, '31': 2.0, '35': 1.0, '36': 2.0, '46': 2.0, '51': 1.0, '52': 2.0, '54': 2.0, '55': 1.0, '60': 1.0, '62': 1.0, '68': 1.0, '69': 2.0, '70': 1.0, '0': 1.0, '23': 2.0, '57': 1.0, '66': 1.0}, 'passesAccurate': {'3': 1.0, '4': 1.0, '6': 1.0, '7': 1.0, '9': 2.0, '10': 1.0, '11': 1.0, '16': 1.0, '18': 1.0, '19': 1.0, '20': 1.0, '21': 3.0, '24': 1.0, '27': 1.0, '28': 1.0, '29': 3.0, '31': 2.0, '35': 1.0, '36': 2.0, '46': 2.0, '51': 1.0, '52': 2.0, '54': 2.0, '55': 1.0, '60': 1.0, '62': 1.0, '68': 1.0, '69': 2.0, '70': 1.0}, 'passesKey': {'62': 1.0}, 'passSuccess': {'3': 50.0, '4': 100.0, '6': 100.0, '7': 100.0, '9': 66.67, '10': 100.0, '11': 100.0, '16': 100.0, '18': 100.0, '19': 33.33, '20': 100.0, '21': 100.0, '24': 100.0, '27': 100.0, '28': 100.0, '29': 100.0, '31': 100.0, '35': 100.0, '36': 100.0, '46': 100.0, '51': 100.0, '52': 100.0, '54': 100.0, '55': 100.0, '60': 100.0, '62': 100.0, '68': 100.0, '69': 100.0, '70': 100.0, '0': 0.0, '23': 0.0, '57': 0.0, '66': 0.0}, 'throwInsTotal': {'19': 1.0, '55': 1.0}, 'throwInsAccurate': {'19': 1.0, '55': 1.0}, 'foulsCommited': {'48': 1.0}, 'tacklesTotal': {'0': 1.0, '21': 1.0, '27': 1.0, '51': 1.0}, 'tackleSuccessful': {'0': 1.0, '21': 1.0, '27': 1.0, '51': 1.0}, 'tackleSuccess': {'0': 100.0, '21': 100.0, '27': 100.0, '51': 100.0}, 'dribblesAttempted': {'4': 1.0, '5': 1.0, '46': 1.0}, 'dribblesLost': {'4': 1.0, '5': 1.0, '46': 1.0}, 'dispossessed': {'11': 1.0, '55': 1.0}}",80764.0,"{'value': 2, 'displayName': 'SecondHalf'}",72.0,,,,63
7,434138,8,Pablo Barrios,MC,181,75,21,True,False,away,"{'possession': {'3': 2.0, '5': 1.0, '7': 1.0, '8': 1.0, '9': 1.0, '10': 1.0, '11': 1.0, '15': 1.0, '16': 2.0, '19': 1.0, '20': 1.0, '21': 1.0, '22': 1.0, '23': 3.0, '24': 1.0, '27': 1.0, '32': 1.0, '35': 3.0, '37': 2.0, '42': 1.0, '45': 1.0, '46': 1.0, '52': 2.0, '55': 1.0, '57': 1.0, '60': 1.0, '63': 1.0, '64': 1.0, '69': 1.0, '70': 1.0, '72': 1.0, '74': 2.0, '75': 1.0}, 'ratings': {'0': 6.0, '3': 6.01, '5': 6.01, '7': 6.0, '8': 6.08, '9': 6.04, '10': 6.05, '11': 6.04, '15': 6.04, '16': 6.04, '19': 6.04, '20': 6.18, '21': 6.17, '22': 6.18, '23': 6.18, '24': 6.19, '27': 6.27, '32': 6.27, '35': 6.43, '36': 6.42, '37': 6.4, '38': 6.55, '42': 6.56, '45': 6.71, '46': 6.71, '52': 6.72, '53': 6.35, '55': 6.34, '57': 6.32, '60': 6.33, '63': 6.33, '64': 6.32, '66': 6.37, '68': 6.4, '69': 6.4, '70': 6.4, '72': 6.42, '73': 6.46, '74': 6.44, '75': 6.74, '77': 6.9}, 'clearances': {'66': 1.0, '75': 1.0}, 'interceptions': {'38': 1.0}, 'touches': {'3': 2.0, '5': 1.0, '7': 1.0, '8': 3.0, '9': 1.0, '10': 1.0, '11': 1.0, '15': 1.0, '16': 2.0, '18': 1.0, '19': 1.0, '20': 2.0, '21': 1.0, '22': 1.0, '23': 3.0, '24': 1.0, '27': 1.0, '32': 1.0, '35': 3.0, '37': 2.0, '38': 2.0, '42': 1.0, '45': 2.0, '46': 1.0, '52': 2.0, '53': 1.0, '55': 1.0, '57': 1.0, '60': 1.0, '62': 1.0, '63': 1.0, '64': 1.0, '66': 1.0, '68': 1.0, '69': 1.0, '70': 1.0, '72': 1.0, '73': 1.0, '74': 3.0, '75': 7.0}, 'passesTotal': {'3': 2.0, '5': 1.0, '8': 1.0, '10': 1.0, '11': 1.0, '15': 1.0, '16': 2.0, '19': 1.0, '20': 1.0, '22': 1.0, '23': 3.0, '24': 1.0, '27': 1.0, '32': 1.0, '35': 3.0, '37': 2.0, '42': 1.0, '46': 1.0, '52': 2.0, '55': 1.0, '60': 1.0, '63': 1.0, '69': 1.0, '70': 1.0, '72': 1.0, '74': 2.0, '75': 1.0, '7': 1.0, '9': 1.0, '21': 1.0, '45': 1.0, '57': 1.0, '64': 1.0}, 'passesAccurate': {'3': 2.0, '5': 1.0, '8': 1.0, '10': 1.0, '11': 1.0, '15': 1.0, '16': 2.0, '19': 1.0, '20': 1.0, '22': 1.0, '23': 3.0, '24': 1.0, '27': 1.0, '32': 1.0, '35': 2.0, '37': 1.0, '42': 1.0, '46': 1.0, '52': 2.0, '55': 1.0, '60': 1.0, '63': 1.0, '69': 1.0, '70': 1.0, '72': 1.0, '74': 2.0, '75': 1.0}, 'passSuccess': {'3': 100.0, '5': 100.0, '8': 100.0, '10': 100.0, '11': 100.0, '15': 100.0, '16': 100.0, '19': 100.0, '20': 100.0, '22': 100.0, '23': 100.0, '24': 100.0, '27': 100.0, '32': 100.0, '35': 66.67, '37': 50.0, '42': 100.0, '46': 100.0, '52': 100.0, '55': 100.0, '60': 100.0, '63': 100.0, '69': 100.0, '70': 100.0, '72': 100.0, '74': 100.0, '75': 100.0, '7': 0.0, '9': 0.0, '21': 0.0, '45': 0.0, '57': 0.0, '64': 0.0}, 'aerialsTotal': {'8': 1.0, '27': 1.0, '35': 2.0, '11': 1.0, '55': 1.0}, 'aerialsWon': {'8': 1.0, '27': 1.0, '35': 2.0}, 'aerialSuccess': {'11': 0.0, '55': 0.0}, 'offensiveAerials': {'8': 1.0, '11': 1.0, '55': 1.0}, 'defensiveAerials': {'27': 1.0, '35': 2.0}, 'foulsCommited': {'36': 1.0}, 'tacklesTotal': {'20': 1.0, '38': 2.0, '75': 3.0, '9': 1.0}, 'tackleSuccessful': {'20': 1.0, '38': 1.0, '75': 3.0}, 'tackleUnsuccesful': {'9': 1.0, '38': 1.0}, 'tackleSuccess': {'20': 100.0, '38': 50.0, '75': 100.0, '9': 0.0}, 'dribbledPast': {'9': 1.0, '38': 1.0}, 'dribblesWon': {'45': 1.0}, 'dribblesAttempted': {'45': 1.0, '74': 1.0}, 'dribblesLost': {'74': 1.0}, 'dribbleSuccess': {'45': 100.0, '74': 0.0}, 'dispossessed': {'53': 1.0}, 'errors': {'53': 1.0}}",127604.0,"{'value': 2, 'displayName': 'SecondHalf'}",77.0,,,,63
8,375621,4,Conor Gallagher,ML,182,77,25,True,False,away,"{'possession': {'1': 1.0, '2': 2.0, '3': 1.0, '6': 1.0, '9': 1.0, '11': 1.0, '16': 1.0, '18': 1.0, '21': 1.0, '23': 1.0, '24': 1.0, '28': 1.0, '37': 2.0, '39': 1.0, '42': 1.0, '43': 1.0, '46': 1.0, '52': 1.0, '54': 1.0, '70': 3.0, '71': 1.0, '73': 1.0, '74': 2.0, '76': 1.0}, 'ratings': {'0': 6.0, '1': 5.96, '2': 6.01, '3': 6.01, '6': 6.02, '7': 6.02, '9': 6.02, '11': 6.02, '13': 6.0, '16': 6.0, '18': 6.0, '21': 6.0, '23': 6.01, '24': 6.0, '28': 6.0, '31': 5.99, '32': 5.95, '37': 5.95, '39': 6.02, '42': 6.04, '43': 6.04, '46': 6.04, '52': 6.01, '54': 6.01, '57': 5.99, '60': 5.96, '62': 6.11, '66': 6.19, '70': 6.2, '71': 6.21, '73': 6.22, '74': 6.21, '75': 6.19, '76': 6.18, '77': 6.32}, 'shotsTotal': {'62': 1.0}, 'shotsOffTarget': {'62': 1.0}, 'touches': {'1': 3.0, '2': 3.0, '3': 1.0, '6': 2.0, '7': 3.0, '9': 1.0, '11': 1.0, '16': 2.0, '18': 1.0, '21': 1.0, '22': 1.0, '23': 1.0, '24': 1.0, '27': 1.0, '28': 1.0, '32': 1.0, '37': 2.0, '39': 1.0, '42': 1.0, '43': 1.0, '46': 1.0, '52': 2.0, '54': 1.0, '60': 1.0, '62': 2.0, '66': 1.0, '70': 3.0, '71': 1.0, '73': 1.0, '74': 2.0, '75': 1.0, '76': 1.0}, 'passesTotal': {'2': 2.0, '3': 1.0, '6': 1.0, '9': 1.0, '16': 1.0, '21': 1.0, '23': 1.0, '28': 1.0, '37': 2.0, '42': 1.0, '43': 1.0, '46': 1.0, '52': 1.0, '54': 1.0, '70': 3.0, '71': 1.0, '73': 1.0, '74': 1.0, '1': 1.0, '11': 1.0, '18': 1.0, '24': 1.0, '39': 1.0, '76': 1.0}, 'passesAccurate': {'2': 2.0, '3': 1.0, '6': 1.0, '9': 1.0, '16': 1.0, '21': 1.0, '23': 1.0, '28': 1.0, '37': 1.0, '42': 1.0, '43': 1.0, '46': 1.0, '52': 1.0, '54': 1.0, '70': 3.0, '71': 1.0, '73': 1.0, '74': 1.0}, 'passSuccess': {'2': 100.0, '3': 100.0, '6': 100.0, '9': 100.0, '16': 100.0, '21': 100.0, '23': 100.0, '28': 100.0, '37': 50.0, '42': 100.0, '43': 100.0, '46': 100.0, '52': 100.0, '54': 100.0, '70': 100.0, '71': 100.0, '73': 100.0, '74': 100.0, '1': 0.0, '11': 0.0, '18': 0.0, '24': 0.0, '39': 0.0, '76': 0.0}, 'aerialsTotal': {'39': 1.0, '31': 1.0, '75': 1.0}, 'aerialsWon': {'39': 1.0}, 'aerialSuccess': {'31': 0.0, '75': 0.0}, 'defensiveAerials': {'31': 1.0, '39': 1.0, '75': 1.0}, 'foulsCommited': {'13': 1.0, '57': 1.0}, 'dribblesWon': {'62': 1.0}, 'dribblesAttempted': {'62': 1.0}, 'dribbleSuccess': {'62': 100.0}, 'dispossessed': {'7': 1.0}}",303728.0,"{'value': 2, 'displayName': 'SecondHalf'}",77.0,,,,63
9,365409,19,Julián Alvarez,FW,170,71,25,True,False,away,"{'possession': {'2': 1.0, '9': 1.0, '27': 1.0, '28': 2.0, '31': 2.0, '35': 1.0, '37': 1.0, '46': 1.0, '51': 1.0, '53': 1.0, '54': 1.0, '55': 1.0, '57': 1.0, '60': 1.0, '69': 2.0, '70': 2.0, '71': 2.0, '75': 1.0, '77': 1.0, '80': 1.0, '81': 1.0, '83': 1.0, '86': 1.0, '88': 2.0, '90': 1.0, '93': 1.0, '96': 1.0, '98': 1.0, '99': 1.0}, 'ratings': {'0': 5.98, '1': 5.97, '2': 5.97, '9': 5.97, '11': 5.94, '26': 5.9, '27': 5.91, '28': 5.91, '31': 5.91, '35': 5.92, '37': 5.93, '39': 5.91, '41': 5.81, '46': 5.8, '51': 5.8, '53': 5.81, '54': 5.78, '55': 5.78, '57': 5.79, '60': 5.89, '69': 5.88, '70': 5.89, '71': 5.9, '75': 5.91, '77': 5.91, '78': 5.9, '79': 5.95, '80': 5.96, '81': 5.95, '83': 6.03, '86': 6.12, '88': 6.13, '90': 6.3, '93': 6.3, '96': 6.31, '98': 6.31, '99': 6.47, '100': 6.52}, 'clearances': {'79': 1.0}, 'touches': {'0': 2.0, '1': 1.0, '2': 1.0, '9': 1.0, '11': 1.0, '26': 1.0, '27': 1.0, '28': 2.0, '31': 2.0, '35': 1.0, '37': 1.0, '46': 1.0, '51': 1.0, '53': 1.0, '54': 2.0, '55': 1.0, '57': 1.0, '60': 3.0, '69': 2.0, '70': 2.0, '71': 2.0, '75': 1.0, '77': 1.0, '78': 1.0, '79': 1.0, '80': 1.0, '81': 1.0, '83': 1.0, '86': 1.0, '88': 2.0, '90': 1.0, '93': 1.0, '96': 1.0, '98': 1.0, '99': 2.0}, 'passesTotal': {'2': 1.0, '9': 1.0, '27': 1.0, '28': 2.0, '31': 2.0, '35': 1.0, '37': 1.0, '51': 1.0, '53': 1.0, '54': 1.0, '55': 1.0, '57': 1.0, '60': 1.0, '69': 2.0, '70': 2.0, '71': 2.0, '75': 1.0, '77': 1.0, '80': 1.0, '86': 1.0, '88': 2.0, '93': 1.0, '96': 1.0, '98': 1.0, '46': 1.0, '99': 1.0}, 'passesAccurate': {'2': 1.0, '9': 1.0, '27': 1.0, '28': 2.0, '31': 2.0, '35': 1.0, '37': 1.0, '51': 1.0, '53': 1.0, '54': 1.0, '55': 1.0, '57': 1.0, '60': 1.0, '69': 1.0, '70': 2.0, '71': 2.0, '75': 1.0, '77': 1.0, '80': 1.0, '86': 1.0, '88': 2.0, '93': 1.0, '96': 1.0, '98': 1.0}, 'passesKey': {'86': 1.0, '90': 1.0}, 'passSuccess': {'2': 100.0, '9': 100.0, '27': 100.0, '28': 100.0, '31': 100.0, '35': 100.0, '37': 100.0, '51': 100.0, '53': 100.0, '54': 100.0, '55': 100.0, '57': 100.0, '60': 100.0, '69': 50.0, '70': 100.0, '71': 100.0, '75': 100.0, '77': 100.0, '80': 100.0, '86': 100.0, '88': 100.0, '93': 100.0, '96': 100.0, '98': 100.0, '46': 0.0, '99': 0.0}, 'cornersAccurate': {'71': 1.0, '83': 1.0, '88': 1.0}, 'foulsCommited': {'39': 1.0}, 'tacklesTotal': {'60': 1.0}, 'tackleSuccessful': {'60': 1.0}, 'tackleSuccess': {'60': 100.0}, 'dribblesWon': {'99': 1.0}, 'dribblesAttempted': {'99': 1.0, '0': 1.0, '1': 1.0, '78': 1.0}, 'dribblesLost': {'0': 1.0, '1': 1.0, '78': 1.0}, 'dribbleSuccess': {'99': 100.0, '0': 0.0, '1': 0.0, '78': 0.0}, 'dispossessed': {'11': 1.0, '60': 1.0}}",,,,,,,63
10,80241,7,Antoine Griezmann,FW,176,73,34,True,False,away,"{'possession': {'3': 1.0, '6': 1.0, '7': 1.0, '10': 1.0, '11': 1.0, '13': 1.0, '21': 3.0, '22': 1.0, '23': 1.0, '24': 1.0, '26': 1.0, '27': 1.0, '35': 1.0, '43': 1.0, '51': 2.0, '52': 2.0, '53': 3.0, '54': 1.0, '55': 2.0, '60': 1.0, '62': 1.0}, 'ratings': {'0': 6.0, '2': 5.97, '3': 6.14, '6': 6.26, '7': 6.22, '8': 6.21, '10': 6.2, '11': 6.29, '13': 6.29, '18': 6.27, '21': 6.27, '22': 6.26, '23': 6.22, '24': 6.22, '26': 6.24, '27': 6.23, '29': 6.2, '35': 6.2, '43': 6.19, '45': 6.18, '51': 6.18, '52': 6.19, '53': 6.18, '54': 6.19, '55': 6.19, '60': 6.19, '62': 6.2, '64': 6.25}, 'touches': {'2': 1.0, '3': 2.0, '6': 2.0, '7': 2.0, '10': 1.0, '11': 1.0, '13': 1.0, '21': 3.0, '22': 1.0, '23': 2.0, '24': 1.0, '26': 1.0, '27': 1.0, '29': 1.0, '35': 1.0, '43': 1.0, '51': 2.0, '52': 2.0, '53': 4.0, '54': 1.0, '55': 2.0, '60': 1.0, '62': 1.0}, 'passesTotal': {'3': 1.0, '7': 1.0, '13': 1.0, '21': 3.0, '24': 1.0, '26': 1.0, '35': 1.0, '51': 2.0, '52': 2.0, '53': 3.0, '54': 1.0, '55': 2.0, '60': 1.0, '62': 1.0, '6': 1.0, '10': 1.0, '22': 1.0, '27': 1.0, '43': 1.0}, 'passesAccurate': {'3': 1.0, '7': 1.0, '13': 1.0, '21': 2.0, '24': 1.0, '26': 1.0, '35': 1.0, '51': 2.0, '52': 2.0, '53': 2.0, '54': 1.0, '55': 2.0, '60': 1.0, '62': 1.0}, 'passSuccess': {'3': 100.0, '7': 100.0, '13': 100.0, '21': 66.67, '24': 100.0, '26': 100.0, '35': 100.0, '51': 100.0, '52': 100.0, '53': 66.67, '54': 100.0, '55': 100.0, '60': 100.0, '62': 100.0, '6': 0.0, '10': 0.0, '22': 0.0, '27': 0.0, '43': 0.0}, 'aerialsTotal': {'8': 1.0, '18': 1.0, '45': 1.0}, 'offensiveAerials': {'18': 1.0, '45': 1.0}, 'defensiveAerials': {'8': 1.0}, 'cornersTotal': {'10': 1.0}, 'cornersAccurate': {'11': 1.0}, 'throwInsTotal': {'53': 1.0}, 'throwInsAccurate': {'53': 1.0}, 'throwInAccuracy': {'10': 0.0}, 'tacklesTotal': {'6': 1.0}, 'tackleSuccessful': {'6': 1.0}, 'tackleSuccess': {'6': 100.0}, 'dribblesWon': {'3': 1.0}, 'dribblesAttempted': {'3': 1.0}, 'dribbleSuccess': {'3': 100.0}, 'dispossessed': {'2': 1.0}}",302497.0,"{'value': 2, 'displayName': 'SecondHalf'}",64.0,,,,63
11,127604,10,Ángel Correa,Sub,171,68,30,,False,away,"{'possession': {'78': 1.0, '80': 1.0, '81': 1.0, '89': 1.0, '94': 1.0, '95': 1.0, '99': 1.0}, 'ratings': {'77': 6.0, '78': 6.12, '79': 6.09, '80': 6.08, '81': 6.25, '88': 6.21, '89': 6.2, '94': 6.21, '95': 6.22, '99': 6.22, '100': 6.25}, 'shotsTotal': {'93': 1.0}, 'shotsBlocked': {'93': 1.0}, 'touches': {'78': 2.0, '79': 2.0, '80': 1.0, '81': 1.0, '88': 1.0, '89': 3.0, '93': 1.0, '94': 1.0, '95': 1.0, '99': 1.0}, 'passesTotal': {'89': 1.0, '94': 1.0, '95': 1.0, '99': 1.0, '78': 1.0}, 'passesAccurate': {'89': 1.0, '94': 1.0, '95': 1.0, '99': 1.0}, 'passesKey': {'81': 1.0}, 'passSuccess': {'89': 100.0, '94': 100.0, '95': 100.0, '99': 100.0, '78': 0.0}, 'cornersTotal': {'80': 1.0}, 'tacklesTotal': {'78': 1.0}, 'tackleSuccessful': {'78': 1.0}, 'tackleSuccess': {'78': 100.0}, 'dribblesAttempted': {'89': 1.0}, 'dribblesLost': {'89': 1.0}, 'dispossessed': {'88': 1.0}}",,,,"{'value': 2, 'displayName': 'SecondHalf'}",77.0,434138.0,63
12,303728,16,Nahuel Molina,Sub,175,70,27,,False,away,"{'possession': {'77': 1.0, '79': 1.0, '82': 1.0, '85': 1.0, '87': 1.0, '88': 2.0, '90': 1.0, '93': 1.0, '94': 1.0, '95': 1.0, '96': 1.0, '97': 1.0, '98': 3.0}, 'ratings': {'77': 6.09, '79': 6.15, '82': 6.16, '85': 6.16, '87': 6.16, '88': 6.17, '89': 6.3, '90': 6.31, '93': 6.3, '94': 6.3, '95': 6.3, '96': 6.31, '97': 6.3, '98': 6.3, '100': 6.39}, 'clearances': {'89': 1.0, '100': 1.0}, 'touches': {'77': 2.0, '79': 2.0, '82': 1.0, '85': 1.0, '87': 1.0, '88': 2.0, '89': 1.0, '90': 1.0, '93': 2.0, '94': 1.0, '95': 2.0, '96': 1.0, '97': 1.0, '98': 3.0, '100': 1.0}, 'passesTotal': {'77': 1.0, '79': 1.0, '82': 1.0, '85': 1.0, '87': 1.0, '88': 2.0, '90': 1.0, '95': 1.0, '96': 1.0, '98': 3.0, '94': 1.0, '97': 1.0}, 'passesAccurate': {'77': 1.0, '79': 1.0, '82': 1.0, '85': 1.0, '87': 1.0, '88': 2.0, '90': 1.0, '95': 1.0, '96': 1.0, '98': 3.0}, 'passSuccess': {'77': 100.0, '79': 100.0, '82': 100.0, '85': 100.0, '87': 100.0, '88': 100.0, '90': 100.0, '95': 100.0, '96': 100.0, '98': 100.0, '94': 0.0, '97': 0.0}, 'aerialsTotal': {'89': 1.0}, 'aerialsWon': {'89': 1.0}, 'defensiveAerials': {'89': 1.0}, 'throwInsTotal': {'93': 1.0, '95': 1.0}, 'throwInsAccurate': {'93': 1.0}, 'tacklesTotal': {'77': 1.0}, 'tackleSuccessful': {'77': 1.0}, 'tackleSuccess': {'77': 100.0}}",,,,"{'value': 2, 'displayName': 'SecondHalf'}",77.0,375621.0,63
13,381594,12,Samuel Lino,Sub,170,69,25,,False,away,"{'possession': {'69': 2.0, '70': 2.0, '71': 1.0, '77': 1.0, '79': 1.0, '80': 1.0, '84': 1.0, '86': 2.0, '87': 1.0, '88': 2.0, '93': 1.0, '95': 2.0, '96': 1.0, '98': 3.0}, 'ratings': {'65': 6.0, '66': 6.08, '69': 6.07, '70': 6.07, '71': 6.4, '73': 6.37, '76': 6.54, '77': 6.54, '79': 6.54, '80': 6.54, '83': 6.55, '84': 6.55, '86': 6.56, '87': 6.89, '88': 6.88, '93': 6.96, '95': 6.96, '96': 6.93, '98': 6.94, '100': 6.97}, 'shotsTotal': {'76': 1.0, '95': 1.0}, 'shotsOnTarget': {'76': 1.0}, 'shotsBlocked': {'95': 1.0}, 'touches': {'66': 1.0, '69': 3.0, '70': 2.0, '71': 2.0, '73': 1.0, '76': 1.0, '77': 1.0, '79': 1.0, '80': 1.0, '84': 1.0, '86': 2.0, '87': 3.0, '88': 2.0, '93': 1.0, '95': 3.0, '96': 2.0, '98': 3.0}, 'passesTotal': {'69': 2.0, '70': 2.0, '77': 1.0, '79': 1.0, '80': 1.0, '84': 1.0, '86': 2.0, '87': 1.0, '93': 1.0, '95': 1.0, '98': 3.0}, 'passesAccurate': {'69': 2.0, '70': 1.0, '77': 1.0, '79': 1.0, '80': 1.0, '84': 1.0, '86': 2.0, '87': 1.0, '93': 1.0, '95': 1.0, '98': 3.0}, 'passesKey': {'71': 1.0, '93': 1.0}, 'passSuccess': {'69': 100.0, '70': 50.0, '77': 100.0, '79': 100.0, '80': 100.0, '84': 100.0, '86': 100.0, '87': 100.0, '93': 100.0, '95': 100.0, '98': 100.0}, 'cornersTotal': {'88': 1.0}, 'tacklesTotal': {'66': 1.0}, 'tackleSuccessful': {'66': 1.0}, 'tackleSuccess': {'66': 100.0}, 'dribblesWon': {'71': 1.0, '87': 2.0}, 'dribblesAttempted': {'71': 1.0, '87': 2.0, '69': 1.0, '96': 1.0}, 'dribblesLost': {'69': 1.0, '96': 1.0}, 'dribbleSuccess': {'71': 100.0, '87': 100.0, '69': 0.0, '96': 0.0}}",,,,"{'value': 2, 'displayName': 'SecondHalf'}",65.0,422918.0,63
14,302497,9,Alexander Sørloth,Sub,195,90,29,,False,away,"{'possession': {'65': 1.0, '75': 1.0, '89': 1.0, '93': 1.0, '98': 1.0}, 'ratings': {'64': 6.0, '65': 6.08, '67': 6.04, '71': 6.24, '75': 6.33, '77': 6.3, '79': 6.43, '82': 6.57, '89': 6.62, '90': 6.59, '93': 6.58, '98': 6.58, '100': 6.61}, 'shotsTotal': {'71': 1.0, '90': 1.0}, 'shotsOffTarget': {'90': 1.0}, 'shotsBlocked': {'71': 1.0}, 'clearances': {'79': 1.0}, 'touches': {'65': 1.0, '67': 2.0, '68': 1.0, '71': 1.0, '75': 1.0, '77': 1.0, '79': 1.0, '82': 3.0, '89': 2.0, '90': 1.0, '93': 1.0, '98': 1.0}, 'passesTotal': {'75': 1.0, '89': 1.0, '93': 1.0, '65': 1.0, '98': 1.0}, 'passesAccurate': {'75': 1.0, '89': 1.0, '93': 1.0}, 'passesKey': {'75': 1.0}, 'passSuccess': {'75': 100.0, '89': 100.0, '93': 100.0, '65': 0.0, '98': 0.0}, 'aerialsTotal': {'65': 1.0, '79': 1.0, '89': 1.0}, 'aerialsWon': {'65': 1.0, '79': 1.0, '89': 1.0}, 'offensiveAerials': {'65': 1.0}, 'defensiveAerials': {'79': 1.0, '89': 1.0}, 'cornersTotal': {'82': 1.0}, 'foulsCommited': {'93': 1.0}, 'dribblesWon': {'82': 1.0}, 'dribblesAttempted': {'82': 3.0}, 'dribblesLost': {'82': 2.0}, 'dribbleSuccess': {'82': 33.33}}",,,,"{'value': 2, 'displayName': 'SecondHalf'}",64.0,80241.0,63
15,80764,6,Koke,Sub,176,77,33,,False,away,"{'possession': {'73': 1.0, '74': 1.0, '80': 3.0, '84': 2.0, '86': 2.0, '87': 1.0, '88': 1.0, '90': 3.0, '95': 2.0, '96': 2.0, '98': 2.0}, 'ratings': {'72': 6.0, '73': 6.01, '74': 6.01, '80': 6.02, '84': 6.02, '86': 6.01, '87': 6.01, '88': 6.01, '90': 6.09, '95': 6.1, '96': 6.11, '97': 6.23, '98': 6.24, '100': 6.28}, 'shotsTotal': {'86': 1.0}, 'shotsOffTarget': {'86': 1.0}, 'touches': {'73': 1.0, '74': 1.0, '80': 3.0, '84': 2.0, '86': 3.0, '87': 2.0, '88': 1.0, '90': 4.0, '95': 2.0, '96': 2.0, '97': 1.0, '98': 2.0}, 'passesTotal': {'73': 1.0, '74': 1.0, '80': 3.0, '84': 1.0, '86': 2.0, '87': 1.0, '88': 1.0, '90': 3.0, '95': 2.0, '96': 2.0, '98': 2.0}, 'passesAccurate': {'73': 1.0, '74': 1.0, '80': 3.0, '84': 1.0, '86': 2.0, '87': 1.0, '88': 1.0, '90': 2.0, '95': 2.0, '96': 2.0, '98': 2.0}, 'passSuccess': {'73': 100.0, '74': 100.0, '80': 100.0, '84': 100.0, '86': 100.0, '87': 100.0, '88': 100.0, '90': 66.67, '95': 100.0, '96': 100.0, '98': 100.0}, 'aerialsTotal': {'97': 1.0}, 'aerialsWon': {'97': 1.0}, 'offensiveAerials': {'97': 1.0}, 'tacklesTotal': {'90': 1.0}, 'tackleSuccessful': {'90': 1.0}, 'tackleSuccess': {'90': 100.0}}",,,,"{'value': 2, 'displayName': 'SecondHalf'}",72.0,125547.0,63
16,126278,1,Juan Musso,Sub,191,93,31,,False,away,{},,,,,,,63
17,25191,20,Axel Witsel,Sub,186,81,36,,False,away,{},,,,,,,63
18,132962,11,Thomas Lemar,Sub,171,63,29,,False,away,{},,,,,,,63
19,361812,23,Reinildo,Sub,180,73,31,,False,away,{},,,,,,,63
20,25931,3,César Azpilicueta,Sub,178,76,35,,False,away,{},,,,,,,63
21,135914,2,José María Giménez,Sub,185,77,30,,False,away,{},,,,,,,63
22,433107,31,Antonio Gomis,Sub,186,80,22,,False,away,{},,,,,,,63
